euid,source_id,first_assignment_baseline,status
ART15250707-20250707-0001,ART15250707,576100898c26d65b2827cbbc401a277151a9acf9+uncommitted-corpus-build,ACTIVE
ART15250707-20250707-0003,ART15250707,576100898c26d65b2827cbbc401a277151a9acf9+uncommitted-corpus-build,ACTIVE
ART15250707-20250707-0004,ART15250707,576100898c26d65b2827cbbc401a277151a9acf9+uncommitted-corpus-build,ACTIVE
ART15250707-20250707-0005,ART15250707,576100898c26d65b2827cbbc401a277151a9acf9+uncommitted-corpus-build,ACTIVE
ART15250707-20250707-0006,ART15250707,576100898c26d65b2827cbbc401a277151a9acf9+uncommitted-corpus-build,ACTIVE
ART15250707-20250707-0007,ART15250707,576100898c26d65b2827cbbc401a277151a9acf9+uncommitted-corpus-build,ACTIVE
ART15250707-20250707-0009,ART15250707,576100898c26d65b2827cbbc401a277151a9acf9+uncommitted-corpus-build,ACTIVE
ART15250707-20250707-0011,ART15250707,576100898c26d65b2827cbbc401a277151a9acf9+uncommitted-corpus-build,ACTIVE
ART15250707-20250707-0013,ART15250707,576100898c26d65b2827cbbc401a277151a9acf9+uncommitted-corpus-build,ACTIVE
ART15250707-20250707-0015,ART15250707,576100898c26d65b2827cbbc401a277151a9acf9+uncommitted-corpus-build,ACTIVE
ART15250707-20250707-0017,ART15250707,576100898c26d65b2827cbbc401a277151a9acf9+uncommitted-corpus-build,ACTIVE
ART15250707-20250707-0018,ART15250707,576100898c26d65b2827cbbc401a277151a9acf9+uncommitted-corpus-build,ACTIVE
ART15250707-20250707-0019,ART15250707,576100898c26d65b2827cbbc401a277151a9acf9+uncommitted-corpus-build,ACTIVE
ART15250707-20250707-0020,ART15250707,576100898c26d65b2827cbbc401a277151a9acf9+uncommitted-corpus-build,ACTIVE
ART15250707-20250707-0021,ART15250707,576100898c26d65b2827cbbc401a277151a9acf9+uncommitted-corpus-build,ACTIVE
ART15250707-20250707-0023,ART15250707,576100898c26d65b2827cbbc401a277151a9acf9+uncommitted-corpus-build,ACTIVE
ART15250707-20250707-0025,ART15250707,576100898c26d65b2827cbbc401a277151a9acf9+uncommitted-corpus-build,ACTIVE
ART15250707-20250707-0027,ART15250707,576100898c26d65b2827cbbc401a277151a9acf9+uncommitted-corpus-build,ACTIVE
ART15250805-20250805-0001,ART15250805,576100898c26d65b2827cbbc401a277151a9acf9+uncommitted-corpus-build,ACTIVE
ART15250805-20250805-0003,ART15250805,576100898c26d65b2827cbbc401a277151a9acf9+uncommitted-corpus-build,ACTIVE
ART15250805-20250805-0004,ART15250805,576100898c26d65b2827cbbc401a277151a9acf9+uncommitted-corpus-build,ACTIVE
ART15250805-20250805-0005,ART15250805,576100898c26d65b2827cbbc401a277151a9acf9+uncommitted-corpus-build,ACTIVE
ART15250805-20250805-0006,ART15250805,576100898c26d65b2827cbbc401a277151a9acf9+uncommitted-corpus-build,ACTIVE
ART15250805-20250805-0007,ART15250805,576100898c26d65b2827cbbc401a277151a9acf9+uncommitted-corpus-build,ACTIVE
ART15250805-20250805-0008,ART15250805,576100898c26d65b2827cbbc401a277151a9acf9+uncommitted-corpus-build,ACTIVE
ART15250805-20250805-0009,ART15250805,576100898c26d65b2827cbbc401a277151a9acf9+uncommitted-corpus-build,ACTIVE
ART15250805-20250805-0011,ART15250805,576100898c26d65b2827cbbc401a277151a9acf9+uncommitted-corpus-build,ACTIVE
ART15250805-20250805-0013,ART15250805,576100898c26d65b2827cbbc401a277151a9acf9+uncommitted-corpus-build,ACTIVE
ART15250805-20250805-0015,ART15250805,576100898c26d65b2827cbbc401a277151a9acf9+uncommitted-corpus-build,ACTIVE
ART15250805-20250805-0017,ART15250805,576100898c26d65b2827cbbc401a277151a9acf9+uncommitted-corpus-build,ACTIVE
ART15250805-20250805-0019,ART15250805,576100898c26d65b2827cbbc401a277151a9acf9+uncommitted-corpus-build,ACTIVE
ART15250805-20250805-0021,ART15250805,576100898c26d65b2827cbbc401a277151a9acf9+uncommitted-corpus-build,ACTIVE
ART16250612-20250612-0001,ART16250612,576100898c26d65b2827cbbc401a277151a9acf9+uncommitted-corpus-build,ACTIVE
ART16250612-20250612-0003,ART16250612,576100898c26d65b2827cbbc401a277151a9acf9+uncommitted-corpus-build,ACTIVE
ART16250612-20250612-0004,ART16250612,576100898c26d65b2827cbbc401a277151a9acf9+uncommitted-corpus-build,ACTIVE
ART16250612-20250612-0005,ART16250612,576100898c26d65b2827cbbc401a277151a9acf9+uncommitted-corpus-build,ACTIVE
ART16250612-20250612-0006,ART16250612,576100898c26d65b2827cbbc401a277151a9acf9+uncommitted-corpus-build,ACTIVE
ART16250612-20250612-0007,ART16250612,576100898c26d65b2827cbbc401a277151a9acf9+uncommitted-corpus-build,ACTIVE
ART16250612-20250612-0008,ART16250612,576100898c26d65b2827cbbc401a277151a9acf9+uncommitted-corpus-build,ACTIVE
ART16250612-20250612-0010,ART16250612,576100898c26d65b2827cbbc401a277151a9acf9+uncommitted-corpus-build,ACTIVE
ART16250612-20250612-0012,ART16250612,576100898c26d65b2827cbbc401a277151a9acf9+uncommitted-corpus-build,ACTIVE
ART16250612-20250612-0014,ART16250612,576100898c26d65b2827cbbc401a277151a9acf9+uncommitted-corpus-build,ACTIVE
ART16250612-20250612-0016,ART16250612,576100898c26d65b2827cbbc401a277151a9acf9+uncommitted-corpus-build,ACTIVE
ART16250612-20250612-0018,ART16250612,576100898c26d65b2827cbbc401a277151a9acf9+uncommitted-corpus-build,ACTIVE
ART16250612-20250612-0020,ART16250612,576100898c26d65b2827cbbc401a277151a9acf9+uncommitted-corpus-build,ACTIVE
ART16250612-20250612-0022,ART16250612,576100898c26d65b2827cbbc401a277151a9acf9+uncommitted-corpus-build,ACTIVE
ART16250612-20250612-0024,ART16250612,576100898c26d65b2827cbbc401a277151a9acf9+uncommitted-corpus-build,ACTIVE
ART16250612-20250612-0026,ART16250612,576100898c26d65b2827cbbc401a277151a9acf9+uncommitted-corpus-build,ACTIVE
ART16250612-20250612-0027,ART16250612,576100898c26d65b2827cbbc401a277151a9acf9+uncommitted-corpus-build,ACTIVE
ART16250612-20250612-0028,ART16250612,576100898c26d65b2827cbbc401a277151a9acf9+uncommitted-corpus-build,ACTIVE
ART16250612-20250612-0030,ART16250612,576100898c26d65b2827cbbc401a277151a9acf9+uncommitted-corpus-build,ACTIVE
ART16250612-20250612-0032,ART16250612,576100898c26d65b2827cbbc401a277151a9acf9+uncommitted-corpus-build,ACTIVE
ART16250612-20250612-0034,ART16250612,576100898c26d65b2827cbbc401a277151a9acf9+uncommitted-corpus-build,ACTIVE
ART16250612-20250612-0035,ART16250612,576100898c26d65b2827cbbc401a277151a9acf9+uncommitted-corpus-build,ACTIVE
ART16250612-20250612-0036,ART16250612,576100898c26d65b2827cbbc401a277151a9acf9+uncommitted-corpus-build,ACTIVE
ART16250612-20250612-0038,ART16250612,576100898c26d65b2827cbbc401a277151a9acf9+uncommitted-corpus-build,ACTIVE
ART16250612-20250612-0040,ART16250612,576100898c26d65b2827cbbc401a277151a9acf9+uncommitted-corpus-build,ACTIVE
ART16250612-20250612-0042,ART16250612,576100898c26d65b2827cbbc401a277151a9acf9+uncommitted-corpus-build,ACTIVE
ART16250612-20250612-0043,ART16250612,576100898c26d65b2827cbbc401a277151a9acf9+uncommitted-corpus-build,ACTIVE
ART16250612-20250612-0045,ART16250612,576100898c26d65b2827cbbc401a277151a9acf9+uncommitted-corpus-build,ACTIVE
ART16250612-20250612-0047,ART16250612,576100898c26d65b2827cbbc401a277151a9acf9+uncommitted-corpus-build,ACTIVE
ART16250615-20250615-0001,ART16250615,576100898c26d65b2827cbbc401a277151a9acf9+uncommitted-corpus-build,ACTIVE
ART16250615-20250615-0003,ART16250615,576100898c26d65b2827cbbc401a277151a9acf9+uncommitted-corpus-build,ACTIVE
ART16250615-20250615-0004,ART16250615,576100898c26d65b2827cbbc401a277151a9acf9+uncommitted-corpus-build,ACTIVE
ART16250615-20250615-0005,ART16250615,576100898c26d65b2827cbbc401a277151a9acf9+uncommitted-corpus-build,ACTIVE
ART16250615-20250615-0006,ART16250615,576100898c26d65b2827cbbc401a277151a9acf9+uncommitted-corpus-build,ACTIVE
ART16250615-20250615-0007,ART16250615,576100898c26d65b2827cbbc401a277151a9acf9+uncommitted-corpus-build,ACTIVE
ART16250615-20250615-0008,ART16250615,576100898c26d65b2827cbbc401a277151a9acf9+uncommitted-corpus-build,ACTIVE
ART16250615-20250615-0009,ART16250615,576100898c26d65b2827cbbc401a277151a9acf9+uncommitted-corpus-build,ACTIVE
ART16250615-20250615-0010,ART16250615,576100898c26d65b2827cbbc401a277151a9acf9+uncommitted-corpus-build,ACTIVE
ART16250615-20250615-0012,ART16250615,576100898c26d65b2827cbbc401a277151a9acf9+uncommitted-corpus-build,ACTIVE
ART16250615-20250615-0014,ART16250615,576100898c26d65b2827cbbc401a277151a9acf9+uncommitted-corpus-build,ACTIVE
ART16250615-20250615-0016,ART16250615,576100898c26d65b2827cbbc401a277151a9acf9+uncommitted-corpus-build,ACTIVE
ART16250615-20250615-0018,ART16250615,576100898c26d65b2827cbbc401a277151a9acf9+uncommitted-corpus-build,ACTIVE
ART16250615-20250615-0020,ART16250615,576100898c26d65b2827cbbc401a277151a9acf9+uncommitted-corpus-build,ACTIVE
ART16250615-20250615-0022,ART16250615,576100898c26d65b2827cbbc401a277151a9acf9+uncommitted-corpus-build,ACTIVE
ART16250707-20250707-0001,ART16250707,576100898c26d65b2827cbbc401a277151a9acf9+uncommitted-corpus-build,ACTIVE
ART16250707-20250707-0003,ART16250707,576100898c26d65b2827cbbc401a277151a9acf9+uncommitted-corpus-build,ACTIVE
ART16250707-20250707-0004,ART16250707,576100898c26d65b2827cbbc401a277151a9acf9+uncommitted-corpus-build,ACTIVE
ART16250707-20250707-0005,ART16250707,576100898c26d65b2827cbbc401a277151a9acf9+uncommitted-corpus-build,ACTIVE
ART16250707-20250707-0006,ART16250707,576100898c26d65b2827cbbc401a277151a9acf9+uncommitted-corpus-build,ACTIVE
ART16250707-20250707-0008,ART16250707,576100898c26d65b2827cbbc401a277151a9acf9+uncommitted-corpus-build,ACTIVE
ART16250707-20250707-0010,ART16250707,576100898c26d65b2827cbbc401a277151a9acf9+uncommitted-corpus-build,ACTIVE
ART16250707-20250707-0012,ART16250707,576100898c26d65b2827cbbc401a277151a9acf9+uncommitted-corpus-build,ACTIVE
ART16250707-20250707-0014,ART16250707,576100898c26d65b2827cbbc401a277151a9acf9+uncommitted-corpus-build,ACTIVE
ART16250707-20250707-0016,ART16250707,576100898c26d65b2827cbbc401a277151a9acf9+uncommitted-corpus-build,ACTIVE
ART16250707-20250707-0018,ART16250707,576100898c26d65b2827cbbc401a277151a9acf9+uncommitted-corpus-build,ACTIVE
ART16250707-20250707-0020,ART16250707,576100898c26d65b2827cbbc401a277151a9acf9+uncommitted-corpus-build,ACTIVE
ART16250707-20250707-0022,ART16250707,576100898c26d65b2827cbbc401a277151a9acf9+uncommitted-corpus-build,ACTIVE
ART16250707-20250707-0024,ART16250707,576100898c26d65b2827cbbc401a277151a9acf9+uncommitted-corpus-build,ACTIVE
ART16250707-20250707-0026,ART16250707,576100898c26d65b2827cbbc401a277151a9acf9+uncommitted-corpus-build,ACTIVE
ART16250707-20250707-0028,ART16250707,576100898c26d65b2827cbbc401a277151a9acf9+uncommitted-corpus-build,ACTIVE
ART16250716-20250716-0001,ART16250716,576100898c26d65b2827cbbc401a277151a9acf9+uncommitted-corpus-build,ACTIVE
ART16250716-20250716-0003,ART16250716,576100898c26d65b2827cbbc401a277151a9acf9+uncommitted-corpus-build,ACTIVE
ART16250716-20250716-0004,ART16250716,576100898c26d65b2827cbbc401a277151a9acf9+uncommitted-corpus-build,ACTIVE
ART16250716-20250716-0005,ART16250716,576100898c26d65b2827cbbc401a277151a9acf9+uncommitted-corpus-build,ACTIVE
ART16250716-20250716-0006,ART16250716,576100898c26d65b2827cbbc401a277151a9acf9+uncommitted-corpus-build,ACTIVE
ART16250716-20250716-0007,ART16250716,576100898c26d65b2827cbbc401a277151a9acf9+uncommitted-corpus-build,ACTIVE
ART16250716-20250716-0009,ART16250716,576100898c26d65b2827cbbc401a277151a9acf9+uncommitted-corpus-build,ACTIVE
ART16250716-20250716-0011,ART16250716,576100898c26d65b2827cbbc401a277151a9acf9+uncommitted-corpus-build,ACTIVE
ART16250716-20250716-0013,ART16250716,576100898c26d65b2827cbbc401a277151a9acf9+uncommitted-corpus-build,ACTIVE
ART16250716-20250716-0015,ART16250716,576100898c26d65b2827cbbc401a277151a9acf9+uncommitted-corpus-build,ACTIVE
ART16250716-20250716-0017,ART16250716,576100898c26d65b2827cbbc401a277151a9acf9+uncommitted-corpus-build,ACTIVE
ART16250716-20250716-0019,ART16250716,576100898c26d65b2827cbbc401a277151a9acf9+uncommitted-corpus-build,ACTIVE
ART16260114-20260114-0001,ART16260114,576100898c26d65b2827cbbc401a277151a9acf9+uncommitted-corpus-build,ACTIVE
ART16260114-20260114-0003,ART16260114,576100898c26d65b2827cbbc401a277151a9acf9+uncommitted-corpus-build,ACTIVE
ART16260114-20260114-0004,ART16260114,576100898c26d65b2827cbbc401a277151a9acf9+uncommitted-corpus-build,ACTIVE
ART16260114-20260114-0005,ART16260114,576100898c26d65b2827cbbc401a277151a9acf9+uncommitted-corpus-build,ACTIVE
ART16260114-20260114-0006,ART16260114,576100898c26d65b2827cbbc401a277151a9acf9+uncommitted-corpus-build,ACTIVE
ART16260114-20260114-0007,ART16260114,576100898c26d65b2827cbbc401a277151a9acf9+uncommitted-corpus-build,ACTIVE
ART16260114-20260114-0008,ART16260114,576100898c26d65b2827cbbc401a277151a9acf9+uncommitted-corpus-build,ACTIVE
ART16260114-20260114-0009,ART16260114,576100898c26d65b2827cbbc401a277151a9acf9+uncommitted-corpus-build,ACTIVE
ART16260114-20260114-0011,ART16260114,576100898c26d65b2827cbbc401a277151a9acf9+uncommitted-corpus-build,ACTIVE
ART16260114-20260114-0013,ART16260114,576100898c26d65b2827cbbc401a277151a9acf9+uncommitted-corpus-build,ACTIVE
ART16260114-20260114-0015,ART16260114,576100898c26d65b2827cbbc401a277151a9acf9+uncommitted-corpus-build,ACTIVE
ART16260114-20260114-0017,ART16260114,576100898c26d65b2827cbbc401a277151a9acf9+uncommitted-corpus-build,ACTIVE
ART16260114-20260114-0019,ART16260114,576100898c26d65b2827cbbc401a277151a9acf9+uncommitted-corpus-build,ACTIVE
ART16260114-20260114-0021,ART16260114,576100898c26d65b2827cbbc401a277151a9acf9+uncommitted-corpus-build,ACTIVE
ART16CL250906-20250906-0001,ART16CL250906,576100898c26d65b2827cbbc401a277151a9acf9+uncommitted-corpus-build,ACTIVE
ART16CL250906-20250906-0003,ART16CL250906,576100898c26d65b2827cbbc401a277151a9acf9+uncommitted-corpus-build,ACTIVE
ART16CL250906-20250906-0004,ART16CL250906,576100898c26d65b2827cbbc401a277151a9acf9+uncommitted-corpus-build,ACTIVE
ART16CL250906-20250906-0005,ART16CL250906,576100898c26d65b2827cbbc401a277151a9acf9+uncommitted-corpus-build,ACTIVE
ART16CL250906-20250906-0006,ART16CL250906,576100898c26d65b2827cbbc401a277151a9acf9+uncommitted-corpus-build,ACTIVE
ART16CL250906-20250906-0007,ART16CL250906,576100898c26d65b2827cbbc401a277151a9acf9+uncommitted-corpus-build,ACTIVE
ART16CL250906-20250906-0008,ART16CL250906,576100898c26d65b2827cbbc401a277151a9acf9+uncommitted-corpus-build,ACTIVE
ART16CL250906-20250906-0010,ART16CL250906,576100898c26d65b2827cbbc401a277151a9acf9+uncommitted-corpus-build,ACTIVE
ART16CL250906-20250906-0012,ART16CL250906,576100898c26d65b2827cbbc401a277151a9acf9+uncommitted-corpus-build,ACTIVE
ART16CL250906-20250906-0014,ART16CL250906,576100898c26d65b2827cbbc401a277151a9acf9+uncommitted-corpus-build,ACTIVE
ART16CL250906-20250906-0016,ART16CL250906,576100898c26d65b2827cbbc401a277151a9acf9+uncommitted-corpus-build,ACTIVE
ART16CL250906-20250906-0018,ART16CL250906,576100898c26d65b2827cbbc401a277151a9acf9+uncommitted-corpus-build,ACTIVE
ART16CL250906-20250906-0019,ART16CL250906,576100898c26d65b2827cbbc401a277151a9acf9+uncommitted-corpus-build,ACTIVE
ART16CL250906-20250906-0021,ART16CL250906,576100898c26d65b2827cbbc401a277151a9acf9+uncommitted-corpus-build,ACTIVE
ART16CL250906-20250906-0023,ART16CL250906,576100898c26d65b2827cbbc401a277151a9acf9+uncommitted-corpus-build,ACTIVE
ART16CL250906-20250906-0025,ART16CL250906,576100898c26d65b2827cbbc401a277151a9acf9+uncommitted-corpus-build,ACTIVE
ART16CL250906-20250906-0027,ART16CL250906,576100898c26d65b2827cbbc401a277151a9acf9+uncommitted-corpus-build,ACTIVE
ART16CL250906-20250906-0029,ART16CL250906,576100898c26d65b2827cbbc401a277151a9acf9+uncommitted-corpus-build,ACTIVE
ART16CL250906-20250906-0031,ART16CL250906,576100898c26d65b2827cbbc401a277151a9acf9+uncommitted-corpus-build,ACTIVE
ART16CL250906-20250906-0033,ART16CL250906,576100898c26d65b2827cbbc401a277151a9acf9+uncommitted-corpus-build,ACTIVE
ART16CL250906-20250906-0035,ART16CL250906,576100898c26d65b2827cbbc401a277151a9acf9+uncommitted-corpus-build,ACTIVE
ART16CL250906-20250906-0037,ART16CL250906,576100898c26d65b2827cbbc401a277151a9acf9+uncommitted-corpus-build,ACTIVE
ART16CL250906-20250906-0039,ART16CL250906,576100898c26d65b2827cbbc401a277151a9acf9+uncommitted-corpus-build,ACTIVE
ART16CL250906-20250906-0041,ART16CL250906,576100898c26d65b2827cbbc401a277151a9acf9+uncommitted-corpus-build,ACTIVE
ART16CL250906-20250906-0042,ART16CL250906,576100898c26d65b2827cbbc401a277151a9acf9+uncommitted-corpus-build,ACTIVE
ART16CL250906-20250906-0043,ART16CL250906,576100898c26d65b2827cbbc401a277151a9acf9+uncommitted-corpus-build,ACTIVE
ART16CL250906-20250906-0045,ART16CL250906,576100898c26d65b2827cbbc401a277151a9acf9+uncommitted-corpus-build,ACTIVE
ART16CL250906-20250906-0047,ART16CL250906,576100898c26d65b2827cbbc401a277151a9acf9+uncommitted-corpus-build,ACTIVE
ART16QPS250906-20250906-0001,ART16QPS250906,576100898c26d65b2827cbbc401a277151a9acf9+uncommitted-corpus-build,ACTIVE
ART16QPS250906-20250906-0003,ART16QPS250906,576100898c26d65b2827cbbc401a277151a9acf9+uncommitted-corpus-build,ACTIVE
ART16QPS250906-20250906-0004,ART16QPS250906,576100898c26d65b2827cbbc401a277151a9acf9+uncommitted-corpus-build,ACTIVE
ART16QPS250906-20250906-0005,ART16QPS250906,576100898c26d65b2827cbbc401a277151a9acf9+uncommitted-corpus-build,ACTIVE
ART16QPS250906-20250906-0006,ART16QPS250906,576100898c26d65b2827cbbc401a277151a9acf9+uncommitted-corpus-build,ACTIVE
ART16QPS250906-20250906-0007,ART16QPS250906,576100898c26d65b2827cbbc401a277151a9acf9+uncommitted-corpus-build,ACTIVE
ART16QPS250906-20250906-0008,ART16QPS250906,576100898c26d65b2827cbbc401a277151a9acf9+uncommitted-corpus-build,ACTIVE
ART16QPS250906-20250906-0009,ART16QPS250906,576100898c26d65b2827cbbc401a277151a9acf9+uncommitted-corpus-build,ACTIVE
ART16QPS250906-20250906-0011,ART16QPS250906,576100898c26d65b2827cbbc401a277151a9acf9+uncommitted-corpus-build,ACTIVE
ART16QPS250906-20250906-0013,ART16QPS250906,576100898c26d65b2827cbbc401a277151a9acf9+uncommitted-corpus-build,ACTIVE
ART16QPS250906-20250906-0015,ART16QPS250906,576100898c26d65b2827cbbc401a277151a9acf9+uncommitted-corpus-build,ACTIVE
ART16QPS250906-20250906-0017,ART16QPS250906,576100898c26d65b2827cbbc401a277151a9acf9+uncommitted-corpus-build,ACTIVE
ART16QPS250906-20250906-0018,ART16QPS250906,576100898c26d65b2827cbbc401a277151a9acf9+uncommitted-corpus-build,ACTIVE
ART16QPS250906-20250906-0019,ART16QPS250906,576100898c26d65b2827cbbc401a277151a9acf9+uncommitted-corpus-build,ACTIVE
ART16QPS250906-20250906-0020,ART16QPS250906,576100898c26d65b2827cbbc401a277151a9acf9+uncommitted-corpus-build,ACTIVE
ART16QPS250906-20250906-0022,ART16QPS250906,576100898c26d65b2827cbbc401a277151a9acf9+uncommitted-corpus-build,ACTIVE
ART16QPS250906-20250906-0024,ART16QPS250906,576100898c26d65b2827cbbc401a277151a9acf9+uncommitted-corpus-build,ACTIVE
ART16QPS250906-20250906-0026,ART16QPS250906,576100898c26d65b2827cbbc401a277151a9acf9+uncommitted-corpus-build,ACTIVE
ART16QPS250906-20250906-0028,ART16QPS250906,576100898c26d65b2827cbbc401a277151a9acf9+uncommitted-corpus-build,ACTIVE
ART16QPS250906-20250906-0030,ART16QPS250906,576100898c26d65b2827cbbc401a277151a9acf9+uncommitted-corpus-build,ACTIVE
ART16QPS250906-20250906-0032,ART16QPS250906,576100898c26d65b2827cbbc401a277151a9acf9+uncommitted-corpus-build,ACTIVE
ART16QPS250906-20250906-0033,ART16QPS250906,576100898c26d65b2827cbbc401a277151a9acf9+uncommitted-corpus-build,ACTIVE
ART16QPS250906-20250906-0034,ART16QPS250906,576100898c26d65b2827cbbc401a277151a9acf9+uncommitted-corpus-build,ACTIVE
ART16QPS250906-20250906-0036,ART16QPS250906,576100898c26d65b2827cbbc401a277151a9acf9+uncommitted-corpus-build,ACTIVE
ART16QPS250906-20250906-0038,ART16QPS250906,576100898c26d65b2827cbbc401a277151a9acf9+uncommitted-corpus-build,ACTIVE
ART18250804-20250804-0001,ART18250804,576100898c26d65b2827cbbc401a277151a9acf9+uncommitted-corpus-build,ACTIVE
ART18250804-20250804-0003,ART18250804,576100898c26d65b2827cbbc401a277151a9acf9+uncommitted-corpus-build,ACTIVE
ART18250804-20250804-0004,ART18250804,576100898c26d65b2827cbbc401a277151a9acf9+uncommitted-corpus-build,ACTIVE
ART18250804-20250804-0005,ART18250804,576100898c26d65b2827cbbc401a277151a9acf9+uncommitted-corpus-build,ACTIVE
ART18250804-20250804-0006,ART18250804,576100898c26d65b2827cbbc401a277151a9acf9+uncommitted-corpus-build,ACTIVE
ART18250804-20250804-0007,ART18250804,576100898c26d65b2827cbbc401a277151a9acf9+uncommitted-corpus-build,ACTIVE
ART18250804-20250804-0008,ART18250804,576100898c26d65b2827cbbc401a277151a9acf9+uncommitted-corpus-build,ACTIVE
ART18250804-20250804-0010,ART18250804,576100898c26d65b2827cbbc401a277151a9acf9+uncommitted-corpus-build,ACTIVE
ART18250804-20250804-0012,ART18250804,576100898c26d65b2827cbbc401a277151a9acf9+uncommitted-corpus-build,ACTIVE
ART18250804-20250804-0014,ART18250804,576100898c26d65b2827cbbc401a277151a9acf9+uncommitted-corpus-build,ACTIVE
ART18250804-20250804-0016,ART18250804,576100898c26d65b2827cbbc401a277151a9acf9+uncommitted-corpus-build,ACTIVE
COMP25-20250319-0001,COMP25,576100898c26d65b2827cbbc401a277151a9acf9+uncommitted-corpus-build,ACTIVE
COMP25-20250319-0003,COMP25,576100898c26d65b2827cbbc401a277151a9acf9+uncommitted-corpus-build,ACTIVE
COMP25-20250319-0004,COMP25,576100898c26d65b2827cbbc401a277151a9acf9+uncommitted-corpus-build,ACTIVE
COMP25-20250319-0005,COMP25,576100898c26d65b2827cbbc401a277151a9acf9+uncommitted-corpus-build,ACTIVE
COMP25-20250319-0006,COMP25,576100898c26d65b2827cbbc401a277151a9acf9+uncommitted-corpus-build,ACTIVE
COMP25-20250319-0007,COMP25,576100898c26d65b2827cbbc401a277151a9acf9+uncommitted-corpus-build,ACTIVE
COMP25-20250319-0008,COMP25,576100898c26d65b2827cbbc401a277151a9acf9+uncommitted-corpus-build,ACTIVE
COMP25-20250319-0010,COMP25,576100898c26d65b2827cbbc401a277151a9acf9+uncommitted-corpus-build,ACTIVE
COMP25-20250319-0012,COMP25,576100898c26d65b2827cbbc401a277151a9acf9+uncommitted-corpus-build,ACTIVE
COMP25-20250319-0014,COMP25,576100898c26d65b2827cbbc401a277151a9acf9+uncommitted-corpus-build,ACTIVE
COMP25-20250319-0016,COMP25,576100898c26d65b2827cbbc401a277151a9acf9+uncommitted-corpus-build,ACTIVE
COMP25-20250319-0018,COMP25,576100898c26d65b2827cbbc401a277151a9acf9+uncommitted-corpus-build,ACTIVE
COMP25-20250319-0020,COMP25,576100898c26d65b2827cbbc401a277151a9acf9+uncommitted-corpus-build,ACTIVE
COMP25-20250319-0022,COMP25,576100898c26d65b2827cbbc401a277151a9acf9+uncommitted-corpus-build,ACTIVE
COMP25-20250319-0024,COMP25,576100898c26d65b2827cbbc401a277151a9acf9+uncommitted-corpus-build,ACTIVE
COMP25-20250319-0026,COMP25,576100898c26d65b2827cbbc401a277151a9acf9+uncommitted-corpus-build,ACTIVE
COMP25-20250319-0028,COMP25,576100898c26d65b2827cbbc401a277151a9acf9+uncommitted-corpus-build,ACTIVE
COMP25-20250319-0030,COMP25,576100898c26d65b2827cbbc401a277151a9acf9+uncommitted-corpus-build,ACTIVE
COMP25-20250319-0032,COMP25,576100898c26d65b2827cbbc401a277151a9acf9+uncommitted-corpus-build,ACTIVE
COMP25-20250319-0034,COMP25,576100898c26d65b2827cbbc401a277151a9acf9+uncommitted-corpus-build,ACTIVE
COMP25-20250319-0035,COMP25,576100898c26d65b2827cbbc401a277151a9acf9+uncommitted-corpus-build,ACTIVE
COMP25-20250319-0037,COMP25,576100898c26d65b2827cbbc401a277151a9acf9+uncommitted-corpus-build,ACTIVE
COMP25-20250319-0038,COMP25,576100898c26d65b2827cbbc401a277151a9acf9+uncommitted-corpus-build,ACTIVE
COMP25-20250319-0040,COMP25,576100898c26d65b2827cbbc401a277151a9acf9+uncommitted-corpus-build,ACTIVE
COMP25-20250319-0041,COMP25,576100898c26d65b2827cbbc401a277151a9acf9+uncommitted-corpus-build,ACTIVE
COMP25-20250319-0043,COMP25,576100898c26d65b2827cbbc401a277151a9acf9+uncommitted-corpus-build,ACTIVE
COMP25-20250319-0045,COMP25,576100898c26d65b2827cbbc401a277151a9acf9+uncommitted-corpus-build,ACTIVE
COMP25-20250319-0047,COMP25,576100898c26d65b2827cbbc401a277151a9acf9+uncommitted-corpus-build,ACTIVE
COMP25-20250319-0049,COMP25,576100898c26d65b2827cbbc401a277151a9acf9+uncommitted-corpus-build,ACTIVE
COMP25-20250319-0051,COMP25,576100898c26d65b2827cbbc401a277151a9acf9+uncommitted-corpus-build,ACTIVE
COMP25-20250319-0052,COMP25,576100898c26d65b2827cbbc401a277151a9acf9+uncommitted-corpus-build,ACTIVE
COMP25-20250319-0053,COMP25,576100898c26d65b2827cbbc401a277151a9acf9+uncommitted-corpus-build,ACTIVE
COMP25-20250319-0055,COMP25,576100898c26d65b2827cbbc401a277151a9acf9+uncommitted-corpus-build,ACTIVE
COMP25-20250319-0057,COMP25,576100898c26d65b2827cbbc401a277151a9acf9+uncommitted-corpus-build,ACTIVE
COMP25-20250319-0059,COMP25,576100898c26d65b2827cbbc401a277151a9acf9+uncommitted-corpus-build,ACTIVE
COMP25-20250319-0061,COMP25,576100898c26d65b2827cbbc401a277151a9acf9+uncommitted-corpus-build,ACTIVE
COMP25-20250319-0062,COMP25,576100898c26d65b2827cbbc401a277151a9acf9+uncommitted-corpus-build,ACTIVE
COMP25-20250319-0063,COMP25,576100898c26d65b2827cbbc401a277151a9acf9+uncommitted-corpus-build,ACTIVE
COMP25-20250319-0064,COMP25,576100898c26d65b2827cbbc401a277151a9acf9+uncommitted-corpus-build,ACTIVE
COMP25-20250319-0066,COMP25,576100898c26d65b2827cbbc401a277151a9acf9+uncommitted-corpus-build,ACTIVE
COMP25-20250319-0068,COMP25,576100898c26d65b2827cbbc401a277151a9acf9+uncommitted-corpus-build,ACTIVE
COMP25-20250319-0070,COMP25,576100898c26d65b2827cbbc401a277151a9acf9+uncommitted-corpus-build,ACTIVE
COMP25-20250319-0072,COMP25,576100898c26d65b2827cbbc401a277151a9acf9+uncommitted-corpus-build,ACTIVE
COMP25-20250319-0074,COMP25,576100898c26d65b2827cbbc401a277151a9acf9+uncommitted-corpus-build,ACTIVE
COMP25-20250319-0075,COMP25,576100898c26d65b2827cbbc401a277151a9acf9+uncommitted-corpus-build,ACTIVE
COMP25-20250319-0077,COMP25,576100898c26d65b2827cbbc401a277151a9acf9+uncommitted-corpus-build,ACTIVE
COMP25-20250319-0079,COMP25,576100898c26d65b2827cbbc401a277151a9acf9+uncommitted-corpus-build,ACTIVE
COUN25-20250507-0001,COUN25,576100898c26d65b2827cbbc401a277151a9acf9+uncommitted-corpus-build,ACTIVE
COUN25-20250507-0003,COUN25,576100898c26d65b2827cbbc401a277151a9acf9+uncommitted-corpus-build,ACTIVE
COUN25-20250507-0004,COUN25,576100898c26d65b2827cbbc401a277151a9acf9+uncommitted-corpus-build,ACTIVE
COUN25-20250507-0005,COUN25,576100898c26d65b2827cbbc401a277151a9acf9+uncommitted-corpus-build,ACTIVE
COUN25-20250507-0006,COUN25,576100898c26d65b2827cbbc401a277151a9acf9+uncommitted-corpus-build,ACTIVE
COUN25-20250507-0007,COUN25,576100898c26d65b2827cbbc401a277151a9acf9+uncommitted-corpus-build,ACTIVE
COUN25-20250507-0008,COUN25,576100898c26d65b2827cbbc401a277151a9acf9+uncommitted-corpus-build,ACTIVE
COUN25-20250507-0009,COUN25,576100898c26d65b2827cbbc401a277151a9acf9+uncommitted-corpus-build,ACTIVE
COUN25-20250507-0010,COUN25,576100898c26d65b2827cbbc401a277151a9acf9+uncommitted-corpus-build,ACTIVE
COUN25-20250507-0012,COUN25,576100898c26d65b2827cbbc401a277151a9acf9+uncommitted-corpus-build,ACTIVE
COUN25-20250507-0014,COUN25,576100898c26d65b2827cbbc401a277151a9acf9+uncommitted-corpus-build,ACTIVE
COUN25-20250507-0016,COUN25,576100898c26d65b2827cbbc401a277151a9acf9+uncommitted-corpus-build,ACTIVE
COUN25-20250507-0018,COUN25,576100898c26d65b2827cbbc401a277151a9acf9+uncommitted-corpus-build,ACTIVE
COUN25-20250507-0020,COUN25,576100898c26d65b2827cbbc401a277151a9acf9+uncommitted-corpus-build,ACTIVE
COUN25-20250507-0021,COUN25,576100898c26d65b2827cbbc401a277151a9acf9+uncommitted-corpus-build,ACTIVE
COUN25-20250507-0023,COUN25,576100898c26d65b2827cbbc401a277151a9acf9+uncommitted-corpus-build,ACTIVE
COUN25-20250507-0025,COUN25,576100898c26d65b2827cbbc401a277151a9acf9+uncommitted-corpus-build,ACTIVE
COUN25-20250507-0027,COUN25,576100898c26d65b2827cbbc401a277151a9acf9+uncommitted-corpus-build,ACTIVE
DPC260113-20260113-0001,DPC260113,576100898c26d65b2827cbbc401a277151a9acf9+uncommitted-corpus-build,ACTIVE
DPC260113-20260113-0003,DPC260113,576100898c26d65b2827cbbc401a277151a9acf9+uncommitted-corpus-build,ACTIVE
DPC260113-20260113-0004,DPC260113,576100898c26d65b2827cbbc401a277151a9acf9+uncommitted-corpus-build,ACTIVE
DPC260113-20260113-0005,DPC260113,576100898c26d65b2827cbbc401a277151a9acf9+uncommitted-corpus-build,ACTIVE
DPC260113-20260113-0006,DPC260113,576100898c26d65b2827cbbc401a277151a9acf9+uncommitted-corpus-build,ACTIVE
DPC260113-20260113-0007,DPC260113,576100898c26d65b2827cbbc401a277151a9acf9+uncommitted-corpus-build,ACTIVE
DPC260113-20260113-0008,DPC260113,576100898c26d65b2827cbbc401a277151a9acf9+uncommitted-corpus-build,ACTIVE
DPC260113-20260113-0009,DPC260113,576100898c26d65b2827cbbc401a277151a9acf9+uncommitted-corpus-build,ACTIVE
DPC260113-20260113-0011,DPC260113,576100898c26d65b2827cbbc401a277151a9acf9+uncommitted-corpus-build,ACTIVE
DPC260113-20260113-0013,DPC260113,576100898c26d65b2827cbbc401a277151a9acf9+uncommitted-corpus-build,ACTIVE
DPC260113-20260113-0015,DPC260113,576100898c26d65b2827cbbc401a277151a9acf9+uncommitted-corpus-build,ACTIVE
DPC260113-20260113-0017,DPC260113,576100898c26d65b2827cbbc401a277151a9acf9+uncommitted-corpus-build,ACTIVE
DPC260113-20260113-0019,DPC260113,576100898c26d65b2827cbbc401a277151a9acf9+uncommitted-corpus-build,ACTIVE
DPC260216-20260216-0001,DPC260216,576100898c26d65b2827cbbc401a277151a9acf9+uncommitted-corpus-build,ACTIVE
DPC260216-20260216-0003,DPC260216,576100898c26d65b2827cbbc401a277151a9acf9+uncommitted-corpus-build,ACTIVE
DPC260216-20260216-0004,DPC260216,576100898c26d65b2827cbbc401a277151a9acf9+uncommitted-corpus-build,ACTIVE
DPC260216-20260216-0005,DPC260216,576100898c26d65b2827cbbc401a277151a9acf9+uncommitted-corpus-build,ACTIVE
DPC260216-20260216-0006,DPC260216,576100898c26d65b2827cbbc401a277151a9acf9+uncommitted-corpus-build,ACTIVE
DPC260216-20260216-0007,DPC260216,576100898c26d65b2827cbbc401a277151a9acf9+uncommitted-corpus-build,ACTIVE
DPC260216-20260216-0009,DPC260216,576100898c26d65b2827cbbc401a277151a9acf9+uncommitted-corpus-build,ACTIVE
DPC260216-20260216-0011,DPC260216,576100898c26d65b2827cbbc401a277151a9acf9+uncommitted-corpus-build,ACTIVE
DPC260216-20260216-0013,DPC260216,576100898c26d65b2827cbbc401a277151a9acf9+uncommitted-corpus-build,ACTIVE
DPC260216-20260216-0015,DPC260216,576100898c26d65b2827cbbc401a277151a9acf9+uncommitted-corpus-build,ACTIVE
DPC260216-20260216-0016,DPC260216,576100898c26d65b2827cbbc401a277151a9acf9+uncommitted-corpus-build,ACTIVE
DPC260216-20260216-0017,DPC260216,576100898c26d65b2827cbbc401a277151a9acf9+uncommitted-corpus-build,ACTIVE
DPC260216-20260216-0019,DPC260216,576100898c26d65b2827cbbc401a277151a9acf9+uncommitted-corpus-build,ACTIVE
DPC260216-20260216-0021,DPC260216,576100898c26d65b2827cbbc401a277151a9acf9+uncommitted-corpus-build,ACTIVE
DPC260216-20260216-0023,DPC260216,576100898c26d65b2827cbbc401a277151a9acf9+uncommitted-corpus-build,ACTIVE
DS17-GEN-0007,DS17,576100898c26d65b2827cbbc401a277151a9acf9+uncommitted-corpus-build,ACTIVE
DS17-GEN-0009,DS17,576100898c26d65b2827cbbc401a277151a9acf9+uncommitted-corpus-build,ACTIVE
DS17-GEN-0010,DS17,576100898c26d65b2827cbbc401a277151a9acf9+uncommitted-corpus-build,ACTIVE
DS17-GEN-0011,DS17,576100898c26d65b2827cbbc401a277151a9acf9+uncommitted-corpus-build,ACTIVE
DS17-GEN-0012,DS17,576100898c26d65b2827cbbc401a277151a9acf9+uncommitted-corpus-build,ACTIVE
DS17-GEN-0014,DS17,576100898c26d65b2827cbbc401a277151a9acf9+uncommitted-corpus-build,ACTIVE
DS17-GEN-0018,DS17,576100898c26d65b2827cbbc401a277151a9acf9+uncommitted-corpus-build,ACTIVE
DS17-GEN-0020,DS17,576100898c26d65b2827cbbc401a277151a9acf9+uncommitted-corpus-build,ACTIVE
DS17-GEN-0022,DS17,576100898c26d65b2827cbbc401a277151a9acf9+uncommitted-corpus-build,ACTIVE
DS17-GEN-0024,DS17,576100898c26d65b2827cbbc401a277151a9acf9+uncommitted-corpus-build,ACTIVE
DS17-GEN-0025,DS17,576100898c26d65b2827cbbc401a277151a9acf9+uncommitted-corpus-build,ACTIVE
DS17-GEN-0026,DS17,576100898c26d65b2827cbbc401a277151a9acf9+uncommitted-corpus-build,ACTIVE
DS17-GEN-0027,DS17,576100898c26d65b2827cbbc401a277151a9acf9+uncommitted-corpus-build,ACTIVE
DS17-GEN-0028,DS17,576100898c26d65b2827cbbc401a277151a9acf9+uncommitted-corpus-build,ACTIVE
DS17-GEN-0029,DS17,576100898c26d65b2827cbbc401a277151a9acf9+uncommitted-corpus-build,ACTIVE
DS17-GEN-0030,DS17,576100898c26d65b2827cbbc401a277151a9acf9+uncommitted-corpus-build,ACTIVE
DS17-GEN-0032,DS17,576100898c26d65b2827cbbc401a277151a9acf9+uncommitted-corpus-build,ACTIVE
DS17-GEN-0034,DS17,576100898c26d65b2827cbbc401a277151a9acf9+uncommitted-corpus-build,ACTIVE
DS17-GEN-0036,DS17,576100898c26d65b2827cbbc401a277151a9acf9+uncommitted-corpus-build,ACTIVE
DS17-GEN-0038,DS17,576100898c26d65b2827cbbc401a277151a9acf9+uncommitted-corpus-build,ACTIVE
DS17-GEN-0039,DS17,576100898c26d65b2827cbbc401a277151a9acf9+uncommitted-corpus-build,ACTIVE
DS17-GEN-0040,DS17,576100898c26d65b2827cbbc401a277151a9acf9+uncommitted-corpus-build,ACTIVE
DS17-GEN-0042,DS17,576100898c26d65b2827cbbc401a277151a9acf9+uncommitted-corpus-build,ACTIVE
DS17-GEN-0044,DS17,576100898c26d65b2827cbbc401a277151a9acf9+uncommitted-corpus-build,ACTIVE
DS17-GEN-0047,DS17,576100898c26d65b2827cbbc401a277151a9acf9+uncommitted-corpus-build,ACTIVE
DS17-GEN-0049,DS17,576100898c26d65b2827cbbc401a277151a9acf9+uncommitted-corpus-build,ACTIVE
DS17-GEN-0050,DS17,576100898c26d65b2827cbbc401a277151a9acf9+uncommitted-corpus-build,ACTIVE
DS17-GEN-0052,DS17,576100898c26d65b2827cbbc401a277151a9acf9+uncommitted-corpus-build,ACTIVE
DS17-GEN-0054,DS17,576100898c26d65b2827cbbc401a277151a9acf9+uncommitted-corpus-build,ACTIVE
DS17-GEN-0055,DS17,576100898c26d65b2827cbbc401a277151a9acf9+uncommitted-corpus-build,ACTIVE
DS17-GEN-0056,DS17,576100898c26d65b2827cbbc401a277151a9acf9+uncommitted-corpus-build,ACTIVE
DS17-GEN-0058,DS17,576100898c26d65b2827cbbc401a277151a9acf9+uncommitted-corpus-build,ACTIVE
DS17-GEN-0059,DS17,576100898c26d65b2827cbbc401a277151a9acf9+uncommitted-corpus-build,ACTIVE
DS17-GEN-0061,DS17,576100898c26d65b2827cbbc401a277151a9acf9+uncommitted-corpus-build,ACTIVE
DS17-GEN-0063,DS17,576100898c26d65b2827cbbc401a277151a9acf9+uncommitted-corpus-build,ACTIVE
DS17-GEN-0064,DS17,576100898c26d65b2827cbbc401a277151a9acf9+uncommitted-corpus-build,ACTIVE
DS17-GEN-0066,DS17,576100898c26d65b2827cbbc401a277151a9acf9+uncommitted-corpus-build,ACTIVE
DS17-GEN-0068,DS17,576100898c26d65b2827cbbc401a277151a9acf9+uncommitted-corpus-build,ACTIVE
DS17-GEN-0070,DS17,576100898c26d65b2827cbbc401a277151a9acf9+uncommitted-corpus-build,ACTIVE
DS17-GEN-0071,DS17,576100898c26d65b2827cbbc401a277151a9acf9+uncommitted-corpus-build,ACTIVE
DS17-GEN-0073,DS17,576100898c26d65b2827cbbc401a277151a9acf9+uncommitted-corpus-build,ACTIVE
DS17-GEN-0075,DS17,576100898c26d65b2827cbbc401a277151a9acf9+uncommitted-corpus-build,ACTIVE
DS17-GEN-0076,DS17,576100898c26d65b2827cbbc401a277151a9acf9+uncommitted-corpus-build,ACTIVE
DS17-GEN-0078,DS17,576100898c26d65b2827cbbc401a277151a9acf9+uncommitted-corpus-build,ACTIVE
DS17-GEN-0079,DS17,576100898c26d65b2827cbbc401a277151a9acf9+uncommitted-corpus-build,ACTIVE
DS17-GEN-0080,DS17,576100898c26d65b2827cbbc401a277151a9acf9+uncommitted-corpus-build,ACTIVE
DS17-GEN-0082,DS17,576100898c26d65b2827cbbc401a277151a9acf9+uncommitted-corpus-build,ACTIVE
DS17-GEN-0084,DS17,576100898c26d65b2827cbbc401a277151a9acf9+uncommitted-corpus-build,ACTIVE
DS17-GEN-0085,DS17,576100898c26d65b2827cbbc401a277151a9acf9+uncommitted-corpus-build,ACTIVE
DS17-GEN-0087,DS17,576100898c26d65b2827cbbc401a277151a9acf9+uncommitted-corpus-build,ACTIVE
DS17-GEN-0089,DS17,576100898c26d65b2827cbbc401a277151a9acf9+uncommitted-corpus-build,ACTIVE
DS17-GEN-0091,DS17,576100898c26d65b2827cbbc401a277151a9acf9+uncommitted-corpus-build,ACTIVE
DS17-GEN-0093,DS17,576100898c26d65b2827cbbc401a277151a9acf9+uncommitted-corpus-build,ACTIVE
DS17-GEN-0095,DS17,576100898c26d65b2827cbbc401a277151a9acf9+uncommitted-corpus-build,ACTIVE
DS17-GEN-0096,DS17,576100898c26d65b2827cbbc401a277151a9acf9+uncommitted-corpus-build,ACTIVE
DS17-GEN-0097,DS17,576100898c26d65b2827cbbc401a277151a9acf9+uncommitted-corpus-build,ACTIVE
DS17-GEN-0099,DS17,576100898c26d65b2827cbbc401a277151a9acf9+uncommitted-corpus-build,ACTIVE
DS17-GEN-0100,DS17,576100898c26d65b2827cbbc401a277151a9acf9+uncommitted-corpus-build,ACTIVE
DS17-GEN-0101,DS17,576100898c26d65b2827cbbc401a277151a9acf9+uncommitted-corpus-build,ACTIVE
DS17-GEN-0103,DS17,576100898c26d65b2827cbbc401a277151a9acf9+uncommitted-corpus-build,ACTIVE
DS17-GEN-0108,DS17,576100898c26d65b2827cbbc401a277151a9acf9+uncommitted-corpus-build,ACTIVE
DS17-GEN-0110,DS17,576100898c26d65b2827cbbc401a277151a9acf9+uncommitted-corpus-build,ACTIVE
DS17-GEN-0111,DS17,576100898c26d65b2827cbbc401a277151a9acf9+uncommitted-corpus-build,ACTIVE
DS17-GEN-0112,DS17,576100898c26d65b2827cbbc401a277151a9acf9+uncommitted-corpus-build,ACTIVE
DS17-GEN-0113,DS17,576100898c26d65b2827cbbc401a277151a9acf9+uncommitted-corpus-build,ACTIVE
DS17-GEN-0115,DS17,576100898c26d65b2827cbbc401a277151a9acf9+uncommitted-corpus-build,ACTIVE
DS17-GEN-0116,DS17,576100898c26d65b2827cbbc401a277151a9acf9+uncommitted-corpus-build,ACTIVE
DS17-GEN-0118,DS17,576100898c26d65b2827cbbc401a277151a9acf9+uncommitted-corpus-build,ACTIVE
DS17-GEN-0119,DS17,576100898c26d65b2827cbbc401a277151a9acf9+uncommitted-corpus-build,ACTIVE
DS17-GEN-0121,DS17,576100898c26d65b2827cbbc401a277151a9acf9+uncommitted-corpus-build,ACTIVE
DS17-GEN-0123,DS17,576100898c26d65b2827cbbc401a277151a9acf9+uncommitted-corpus-build,ACTIVE
DS17-GEN-0124,DS17,576100898c26d65b2827cbbc401a277151a9acf9+uncommitted-corpus-build,ACTIVE
DS17-GEN-0126,DS17,576100898c26d65b2827cbbc401a277151a9acf9+uncommitted-corpus-build,ACTIVE
DS17-GEN-0128,DS17,576100898c26d65b2827cbbc401a277151a9acf9+uncommitted-corpus-build,ACTIVE
DS17-GEN-0129,DS17,576100898c26d65b2827cbbc401a277151a9acf9+uncommitted-corpus-build,ACTIVE
DS17-GEN-0131,DS17,576100898c26d65b2827cbbc401a277151a9acf9+uncommitted-corpus-build,ACTIVE
DS17-GEN-0132,DS17,576100898c26d65b2827cbbc401a277151a9acf9+uncommitted-corpus-build,ACTIVE
DS17-GEN-0134,DS17,576100898c26d65b2827cbbc401a277151a9acf9+uncommitted-corpus-build,ACTIVE
DS17-GEN-0135,DS17,576100898c26d65b2827cbbc401a277151a9acf9+uncommitted-corpus-build,ACTIVE
DS17-GEN-0137,DS17,576100898c26d65b2827cbbc401a277151a9acf9+uncommitted-corpus-build,ACTIVE
DS17-GEN-0139,DS17,576100898c26d65b2827cbbc401a277151a9acf9+uncommitted-corpus-build,ACTIVE
DS17-GEN-0140,DS17,576100898c26d65b2827cbbc401a277151a9acf9+uncommitted-corpus-build,ACTIVE
DS17-GEN-0142,DS17,576100898c26d65b2827cbbc401a277151a9acf9+uncommitted-corpus-build,ACTIVE
DS17-GEN-0144,DS17,576100898c26d65b2827cbbc401a277151a9acf9+uncommitted-corpus-build,ACTIVE
DS17-GEN-0145,DS17,576100898c26d65b2827cbbc401a277151a9acf9+uncommitted-corpus-build,ACTIVE
DS17-GEN-0146,DS17,576100898c26d65b2827cbbc401a277151a9acf9+uncommitted-corpus-build,ACTIVE
DS17-GEN-0147,DS17,576100898c26d65b2827cbbc401a277151a9acf9+uncommitted-corpus-build,ACTIVE
DS17-GEN-0149,DS17,576100898c26d65b2827cbbc401a277151a9acf9+uncommitted-corpus-build,ACTIVE
DS17-GEN-0151,DS17,576100898c26d65b2827cbbc401a277151a9acf9+uncommitted-corpus-build,ACTIVE
DS17-GEN-0152,DS17,576100898c26d65b2827cbbc401a277151a9acf9+uncommitted-corpus-build,ACTIVE
DS17-GEN-0154,DS17,576100898c26d65b2827cbbc401a277151a9acf9+uncommitted-corpus-build,ACTIVE
DS17-GEN-0156,DS17,576100898c26d65b2827cbbc401a277151a9acf9+uncommitted-corpus-build,ACTIVE
DS17-GEN-0157,DS17,576100898c26d65b2827cbbc401a277151a9acf9+uncommitted-corpus-build,ACTIVE
DS17-GEN-0159,DS17,576100898c26d65b2827cbbc401a277151a9acf9+uncommitted-corpus-build,ACTIVE
DS17-GEN-0160,DS17,576100898c26d65b2827cbbc401a277151a9acf9+uncommitted-corpus-build,ACTIVE
DS17-GEN-0162,DS17,576100898c26d65b2827cbbc401a277151a9acf9+uncommitted-corpus-build,ACTIVE
DS17-GEN-0164,DS17,576100898c26d65b2827cbbc401a277151a9acf9+uncommitted-corpus-build,ACTIVE
DS17-GEN-0165,DS17,576100898c26d65b2827cbbc401a277151a9acf9+uncommitted-corpus-build,ACTIVE
DS17-GEN-0167,DS17,576100898c26d65b2827cbbc401a277151a9acf9+uncommitted-corpus-build,ACTIVE
DS17-GEN-0169,DS17,576100898c26d65b2827cbbc401a277151a9acf9+uncommitted-corpus-build,ACTIVE
DS17-GEN-0171,DS17,576100898c26d65b2827cbbc401a277151a9acf9+uncommitted-corpus-build,ACTIVE
DS17-GEN-0173,DS17,576100898c26d65b2827cbbc401a277151a9acf9+uncommitted-corpus-build,ACTIVE
DS17-GEN-0174,DS17,576100898c26d65b2827cbbc401a277151a9acf9+uncommitted-corpus-build,ACTIVE
DS17-GEN-0175,DS17,576100898c26d65b2827cbbc401a277151a9acf9+uncommitted-corpus-build,ACTIVE
DS17-GEN-0178,DS17,576100898c26d65b2827cbbc401a277151a9acf9+uncommitted-corpus-build,ACTIVE
DS17-GEN-0180,DS17,576100898c26d65b2827cbbc401a277151a9acf9+uncommitted-corpus-build,ACTIVE
DS17-GEN-0181,DS17,576100898c26d65b2827cbbc401a277151a9acf9+uncommitted-corpus-build,ACTIVE
DS17-GEN-0182,DS17,576100898c26d65b2827cbbc401a277151a9acf9+uncommitted-corpus-build,ACTIVE
DS17-GEN-0184,DS17,576100898c26d65b2827cbbc401a277151a9acf9+uncommitted-corpus-build,ACTIVE
DS17-GEN-0186,DS17,576100898c26d65b2827cbbc401a277151a9acf9+uncommitted-corpus-build,ACTIVE
DS17-GEN-0187,DS17,576100898c26d65b2827cbbc401a277151a9acf9+uncommitted-corpus-build,ACTIVE
DS17-GEN-0189,DS17,576100898c26d65b2827cbbc401a277151a9acf9+uncommitted-corpus-build,ACTIVE
DS17-GEN-0191,DS17,576100898c26d65b2827cbbc401a277151a9acf9+uncommitted-corpus-build,ACTIVE
DS17-GEN-0192,DS17,576100898c26d65b2827cbbc401a277151a9acf9+uncommitted-corpus-build,ACTIVE
DS17-GEN-0194,DS17,576100898c26d65b2827cbbc401a277151a9acf9+uncommitted-corpus-build,ACTIVE
DS17-GEN-0196,DS17,576100898c26d65b2827cbbc401a277151a9acf9+uncommitted-corpus-build,ACTIVE
DS17-GEN-0197,DS17,576100898c26d65b2827cbbc401a277151a9acf9+uncommitted-corpus-build,ACTIVE
DS17-GEN-0199,DS17,576100898c26d65b2827cbbc401a277151a9acf9+uncommitted-corpus-build,ACTIVE
DS17-GEN-0201,DS17,576100898c26d65b2827cbbc401a277151a9acf9+uncommitted-corpus-build,ACTIVE
DS17-GEN-0203,DS17,576100898c26d65b2827cbbc401a277151a9acf9+uncommitted-corpus-build,ACTIVE
DS17-GEN-0205,DS17,576100898c26d65b2827cbbc401a277151a9acf9+uncommitted-corpus-build,ACTIVE
DS17-GEN-0207,DS17,576100898c26d65b2827cbbc401a277151a9acf9+uncommitted-corpus-build,ACTIVE
DS17-GEN-0209,DS17,576100898c26d65b2827cbbc401a277151a9acf9+uncommitted-corpus-build,ACTIVE
DS17-GEN-0211,DS17,576100898c26d65b2827cbbc401a277151a9acf9+uncommitted-corpus-build,ACTIVE
DS17-GEN-0213,DS17,576100898c26d65b2827cbbc401a277151a9acf9+uncommitted-corpus-build,ACTIVE
DS17-GEN-0215,DS17,576100898c26d65b2827cbbc401a277151a9acf9+uncommitted-corpus-build,ACTIVE
DS17-GEN-0217,DS17,576100898c26d65b2827cbbc401a277151a9acf9+uncommitted-corpus-build,ACTIVE
DS17-GEN-0222,DS17,576100898c26d65b2827cbbc401a277151a9acf9+uncommitted-corpus-build,ACTIVE
DS17-GEN-0224,DS17,576100898c26d65b2827cbbc401a277151a9acf9+uncommitted-corpus-build,ACTIVE
DS17-GEN-0226,DS17,576100898c26d65b2827cbbc401a277151a9acf9+uncommitted-corpus-build,ACTIVE
DS17-GEN-0228,DS17,576100898c26d65b2827cbbc401a277151a9acf9+uncommitted-corpus-build,ACTIVE
DS17-GEN-0230,DS17,576100898c26d65b2827cbbc401a277151a9acf9+uncommitted-corpus-build,ACTIVE
DS17-GEN-0231,DS17,576100898c26d65b2827cbbc401a277151a9acf9+uncommitted-corpus-build,ACTIVE
DS17-GEN-0233,DS17,576100898c26d65b2827cbbc401a277151a9acf9+uncommitted-corpus-build,ACTIVE
DS17-GEN-0234,DS17,576100898c26d65b2827cbbc401a277151a9acf9+uncommitted-corpus-build,ACTIVE
DS17-GEN-0236,DS17,576100898c26d65b2827cbbc401a277151a9acf9+uncommitted-corpus-build,ACTIVE
DS17-GEN-0238,DS17,576100898c26d65b2827cbbc401a277151a9acf9+uncommitted-corpus-build,ACTIVE
DS17-GEN-0239,DS17,576100898c26d65b2827cbbc401a277151a9acf9+uncommitted-corpus-build,ACTIVE
DS17-GEN-0240,DS17,576100898c26d65b2827cbbc401a277151a9acf9+uncommitted-corpus-build,ACTIVE
DS17-GEN-0242,DS17,576100898c26d65b2827cbbc401a277151a9acf9+uncommitted-corpus-build,ACTIVE
DS17-GEN-0244,DS17,576100898c26d65b2827cbbc401a277151a9acf9+uncommitted-corpus-build,ACTIVE
DS17-GEN-0246,DS17,576100898c26d65b2827cbbc401a277151a9acf9+uncommitted-corpus-build,ACTIVE
DS17-GEN-0248,DS17,576100898c26d65b2827cbbc401a277151a9acf9+uncommitted-corpus-build,ACTIVE
DS17-GEN-0249,DS17,576100898c26d65b2827cbbc401a277151a9acf9+uncommitted-corpus-build,ACTIVE
DS17-GEN-0251,DS17,576100898c26d65b2827cbbc401a277151a9acf9+uncommitted-corpus-build,ACTIVE
DS17-GEN-0252,DS17,576100898c26d65b2827cbbc401a277151a9acf9+uncommitted-corpus-build,ACTIVE
DS17-GEN-0254,DS17,576100898c26d65b2827cbbc401a277151a9acf9+uncommitted-corpus-build,ACTIVE
DS17-GEN-0256,DS17,576100898c26d65b2827cbbc401a277151a9acf9+uncommitted-corpus-build,ACTIVE
DS17-GEN-0258,DS17,576100898c26d65b2827cbbc401a277151a9acf9+uncommitted-corpus-build,ACTIVE
DS17-GEN-0260,DS17,576100898c26d65b2827cbbc401a277151a9acf9+uncommitted-corpus-build,ACTIVE
DS17-GEN-0262,DS17,576100898c26d65b2827cbbc401a277151a9acf9+uncommitted-corpus-build,ACTIVE
DS17-GEN-0263,DS17,576100898c26d65b2827cbbc401a277151a9acf9+uncommitted-corpus-build,ACTIVE
DS17-GEN-0265,DS17,576100898c26d65b2827cbbc401a277151a9acf9+uncommitted-corpus-build,ACTIVE
DS17-GEN-0267,DS17,576100898c26d65b2827cbbc401a277151a9acf9+uncommitted-corpus-build,ACTIVE
DS17-GEN-0268,DS17,576100898c26d65b2827cbbc401a277151a9acf9+uncommitted-corpus-build,ACTIVE
DS17-GEN-0269,DS17,576100898c26d65b2827cbbc401a277151a9acf9+uncommitted-corpus-build,ACTIVE
DS17-GEN-0271,DS17,576100898c26d65b2827cbbc401a277151a9acf9+uncommitted-corpus-build,ACTIVE
DS17-GEN-0273,DS17,576100898c26d65b2827cbbc401a277151a9acf9+uncommitted-corpus-build,ACTIVE
DS17-GEN-0274,DS17,576100898c26d65b2827cbbc401a277151a9acf9+uncommitted-corpus-build,ACTIVE
DS17-GEN-0276,DS17,576100898c26d65b2827cbbc401a277151a9acf9+uncommitted-corpus-build,ACTIVE
DS17-GEN-0278,DS17,576100898c26d65b2827cbbc401a277151a9acf9+uncommitted-corpus-build,ACTIVE
DS17-GEN-0280,DS17,576100898c26d65b2827cbbc401a277151a9acf9+uncommitted-corpus-build,ACTIVE
DS17-GEN-0282,DS17,576100898c26d65b2827cbbc401a277151a9acf9+uncommitted-corpus-build,ACTIVE
DS17-GEN-0284,DS17,576100898c26d65b2827cbbc401a277151a9acf9+uncommitted-corpus-build,ACTIVE
DS17-GEN-0286,DS17,576100898c26d65b2827cbbc401a277151a9acf9+uncommitted-corpus-build,ACTIVE
DS17-GEN-0288,DS17,576100898c26d65b2827cbbc401a277151a9acf9+uncommitted-corpus-build,ACTIVE
DS17-GEN-0290,DS17,576100898c26d65b2827cbbc401a277151a9acf9+uncommitted-corpus-build,ACTIVE
DS17-GEN-0292,DS17,576100898c26d65b2827cbbc401a277151a9acf9+uncommitted-corpus-build,ACTIVE
DS17-GEN-0294,DS17,576100898c26d65b2827cbbc401a277151a9acf9+uncommitted-corpus-build,ACTIVE
DS17-GEN-0297,DS17,576100898c26d65b2827cbbc401a277151a9acf9+uncommitted-corpus-build,ACTIVE
DS17-GEN-0298,DS17,576100898c26d65b2827cbbc401a277151a9acf9+uncommitted-corpus-build,ACTIVE
DS17-GEN-0299,DS17,576100898c26d65b2827cbbc401a277151a9acf9+uncommitted-corpus-build,ACTIVE
DS17-GEN-0300,DS17,576100898c26d65b2827cbbc401a277151a9acf9+uncommitted-corpus-build,ACTIVE
DS17-GEN-0302,DS17,576100898c26d65b2827cbbc401a277151a9acf9+uncommitted-corpus-build,ACTIVE
DS17-GEN-0304,DS17,576100898c26d65b2827cbbc401a277151a9acf9+uncommitted-corpus-build,ACTIVE
DS17-GEN-0305,DS17,576100898c26d65b2827cbbc401a277151a9acf9+uncommitted-corpus-build,ACTIVE
DS17-GEN-0307,DS17,576100898c26d65b2827cbbc401a277151a9acf9+uncommitted-corpus-build,ACTIVE
DS17-GEN-0309,DS17,576100898c26d65b2827cbbc401a277151a9acf9+uncommitted-corpus-build,ACTIVE
DS17-GEN-0311,DS17,576100898c26d65b2827cbbc401a277151a9acf9+uncommitted-corpus-build,ACTIVE
DS17-GEN-0313,DS17,576100898c26d65b2827cbbc401a277151a9acf9+uncommitted-corpus-build,ACTIVE
DS17-GEN-0315,DS17,576100898c26d65b2827cbbc401a277151a9acf9+uncommitted-corpus-build,ACTIVE
DS17-GEN-0316,DS17,576100898c26d65b2827cbbc401a277151a9acf9+uncommitted-corpus-build,ACTIVE
DS17-GEN-0318,DS17,576100898c26d65b2827cbbc401a277151a9acf9+uncommitted-corpus-build,ACTIVE
DS17-GEN-0320,DS17,576100898c26d65b2827cbbc401a277151a9acf9+uncommitted-corpus-build,ACTIVE
DS17-GEN-0321,DS17,576100898c26d65b2827cbbc401a277151a9acf9+uncommitted-corpus-build,ACTIVE
DS17-GEN-0323,DS17,576100898c26d65b2827cbbc401a277151a9acf9+uncommitted-corpus-build,ACTIVE
DS17-GEN-0327,DS17,576100898c26d65b2827cbbc401a277151a9acf9+uncommitted-corpus-build,ACTIVE
DS17-GEN-0329,DS17,576100898c26d65b2827cbbc401a277151a9acf9+uncommitted-corpus-build,ACTIVE
DS17-GEN-0330,DS17,576100898c26d65b2827cbbc401a277151a9acf9+uncommitted-corpus-build,ACTIVE
DS17-GEN-0332,DS17,576100898c26d65b2827cbbc401a277151a9acf9+uncommitted-corpus-build,ACTIVE
DS17-GEN-0334,DS17,576100898c26d65b2827cbbc401a277151a9acf9+uncommitted-corpus-build,ACTIVE
DS17-GEN-0336,DS17,576100898c26d65b2827cbbc401a277151a9acf9+uncommitted-corpus-build,ACTIVE
DS17-GEN-0339,DS17,576100898c26d65b2827cbbc401a277151a9acf9+uncommitted-corpus-build,ACTIVE
DS17-GEN-0341,DS17,576100898c26d65b2827cbbc401a277151a9acf9+uncommitted-corpus-build,ACTIVE
DS17-GEN-0343,DS17,576100898c26d65b2827cbbc401a277151a9acf9+uncommitted-corpus-build,ACTIVE
DS17-GEN-0345,DS17,576100898c26d65b2827cbbc401a277151a9acf9+uncommitted-corpus-build,ACTIVE
DS17-GEN-0346,DS17,576100898c26d65b2827cbbc401a277151a9acf9+uncommitted-corpus-build,ACTIVE
DS17-GEN-0348,DS17,576100898c26d65b2827cbbc401a277151a9acf9+uncommitted-corpus-build,ACTIVE
DS17-GEN-0350,DS17,576100898c26d65b2827cbbc401a277151a9acf9+uncommitted-corpus-build,ACTIVE
DS17-GEN-0352,DS17,576100898c26d65b2827cbbc401a277151a9acf9+uncommitted-corpus-build,ACTIVE
DS17-GEN-0354,DS17,576100898c26d65b2827cbbc401a277151a9acf9+uncommitted-corpus-build,ACTIVE
DS17-GEN-0356,DS17,576100898c26d65b2827cbbc401a277151a9acf9+uncommitted-corpus-build,ACTIVE
DS17-GEN-0358,DS17,576100898c26d65b2827cbbc401a277151a9acf9+uncommitted-corpus-build,ACTIVE
DS17-GEN-0360,DS17,576100898c26d65b2827cbbc401a277151a9acf9+uncommitted-corpus-build,ACTIVE
DS17-GEN-0362,DS17,576100898c26d65b2827cbbc401a277151a9acf9+uncommitted-corpus-build,ACTIVE
DS17-GEN-0364,DS17,576100898c26d65b2827cbbc401a277151a9acf9+uncommitted-corpus-build,ACTIVE
DS17-GEN-0365,DS17,576100898c26d65b2827cbbc401a277151a9acf9+uncommitted-corpus-build,ACTIVE
DS17-GEN-0367,DS17,576100898c26d65b2827cbbc401a277151a9acf9+uncommitted-corpus-build,ACTIVE
DS17-GEN-0368,DS17,576100898c26d65b2827cbbc401a277151a9acf9+uncommitted-corpus-build,ACTIVE
DS17-GEN-0370,DS17,576100898c26d65b2827cbbc401a277151a9acf9+uncommitted-corpus-build,ACTIVE
DS17-GEN-0371,DS17,576100898c26d65b2827cbbc401a277151a9acf9+uncommitted-corpus-build,ACTIVE
DS17-GEN-0373,DS17,576100898c26d65b2827cbbc401a277151a9acf9+uncommitted-corpus-build,ACTIVE
DS17-GEN-0375,DS17,576100898c26d65b2827cbbc401a277151a9acf9+uncommitted-corpus-build,ACTIVE
DS17-GEN-0376,DS17,576100898c26d65b2827cbbc401a277151a9acf9+uncommitted-corpus-build,ACTIVE
DS17-GEN-0377,DS17,576100898c26d65b2827cbbc401a277151a9acf9+uncommitted-corpus-build,ACTIVE
DS17-GEN-0379,DS17,576100898c26d65b2827cbbc401a277151a9acf9+uncommitted-corpus-build,ACTIVE
DS17-GEN-0380,DS17,576100898c26d65b2827cbbc401a277151a9acf9+uncommitted-corpus-build,ACTIVE
DS17-GEN-0381,DS17,576100898c26d65b2827cbbc401a277151a9acf9+uncommitted-corpus-build,ACTIVE
DS17-GEN-0384,DS17,576100898c26d65b2827cbbc401a277151a9acf9+uncommitted-corpus-build,ACTIVE
DS17-GEN-0385,DS17,576100898c26d65b2827cbbc401a277151a9acf9+uncommitted-corpus-build,ACTIVE
DS17-GEN-0386,DS17,576100898c26d65b2827cbbc401a277151a9acf9+uncommitted-corpus-build,ACTIVE
DS17-GEN-0388,DS17,576100898c26d65b2827cbbc401a277151a9acf9+uncommitted-corpus-build,ACTIVE
DS17-GEN-0389,DS17,576100898c26d65b2827cbbc401a277151a9acf9+uncommitted-corpus-build,ACTIVE
DS17-GEN-0391,DS17,576100898c26d65b2827cbbc401a277151a9acf9+uncommitted-corpus-build,ACTIVE
DS17-GEN-0393,DS17,576100898c26d65b2827cbbc401a277151a9acf9+uncommitted-corpus-build,ACTIVE
DS17-GEN-0394,DS17,576100898c26d65b2827cbbc401a277151a9acf9+uncommitted-corpus-build,ACTIVE
DS17-GEN-0395,DS17,576100898c26d65b2827cbbc401a277151a9acf9+uncommitted-corpus-build,ACTIVE
DS17-GEN-0396,DS17,576100898c26d65b2827cbbc401a277151a9acf9+uncommitted-corpus-build,ACTIVE
DS17-GEN-0398,DS17,576100898c26d65b2827cbbc401a277151a9acf9+uncommitted-corpus-build,ACTIVE
DS17-GEN-0399,DS17,576100898c26d65b2827cbbc401a277151a9acf9+uncommitted-corpus-build,ACTIVE
DS17-GEN-0400,DS17,576100898c26d65b2827cbbc401a277151a9acf9+uncommitted-corpus-build,ACTIVE
DS17-GEN-0401,DS17,576100898c26d65b2827cbbc401a277151a9acf9+uncommitted-corpus-build,ACTIVE
DS17-GEN-0403,DS17,576100898c26d65b2827cbbc401a277151a9acf9+uncommitted-corpus-build,ACTIVE
DS17-GEN-0405,DS17,576100898c26d65b2827cbbc401a277151a9acf9+uncommitted-corpus-build,ACTIVE
DS17-GEN-0407,DS17,576100898c26d65b2827cbbc401a277151a9acf9+uncommitted-corpus-build,ACTIVE
DS17-GEN-0409,DS17,576100898c26d65b2827cbbc401a277151a9acf9+uncommitted-corpus-build,ACTIVE
DS17-GEN-0411,DS17,576100898c26d65b2827cbbc401a277151a9acf9+uncommitted-corpus-build,ACTIVE
DS17-GEN-0412,DS17,576100898c26d65b2827cbbc401a277151a9acf9+uncommitted-corpus-build,ACTIVE
DS17-GEN-0414,DS17,576100898c26d65b2827cbbc401a277151a9acf9+uncommitted-corpus-build,ACTIVE
DS17-GEN-0416,DS17,576100898c26d65b2827cbbc401a277151a9acf9+uncommitted-corpus-build,ACTIVE
DS17-GEN-0417,DS17,576100898c26d65b2827cbbc401a277151a9acf9+uncommitted-corpus-build,ACTIVE
DS17-GEN-0419,DS17,576100898c26d65b2827cbbc401a277151a9acf9+uncommitted-corpus-build,ACTIVE
DS17-GEN-0421,DS17,576100898c26d65b2827cbbc401a277151a9acf9+uncommitted-corpus-build,ACTIVE
DS17-GEN-0423,DS17,576100898c26d65b2827cbbc401a277151a9acf9+uncommitted-corpus-build,ACTIVE
DS17-GEN-0425,DS17,576100898c26d65b2827cbbc401a277151a9acf9+uncommitted-corpus-build,ACTIVE
DS17-GEN-0427,DS17,576100898c26d65b2827cbbc401a277151a9acf9+uncommitted-corpus-build,ACTIVE
DS17-GEN-0430,DS17,576100898c26d65b2827cbbc401a277151a9acf9+uncommitted-corpus-build,ACTIVE
DS17-GEN-0432,DS17,576100898c26d65b2827cbbc401a277151a9acf9+uncommitted-corpus-build,ACTIVE
DS17-GEN-0434,DS17,576100898c26d65b2827cbbc401a277151a9acf9+uncommitted-corpus-build,ACTIVE
DS17-GEN-0436,DS17,576100898c26d65b2827cbbc401a277151a9acf9+uncommitted-corpus-build,ACTIVE
DS17-GEN-0437,DS17,576100898c26d65b2827cbbc401a277151a9acf9+uncommitted-corpus-build,ACTIVE
DS17-GEN-0438,DS17,576100898c26d65b2827cbbc401a277151a9acf9+uncommitted-corpus-build,ACTIVE
DS17-GEN-0439,DS17,576100898c26d65b2827cbbc401a277151a9acf9+uncommitted-corpus-build,ACTIVE
DS17-GEN-0441,DS17,576100898c26d65b2827cbbc401a277151a9acf9+uncommitted-corpus-build,ACTIVE
DS17-GEN-0443,DS17,576100898c26d65b2827cbbc401a277151a9acf9+uncommitted-corpus-build,ACTIVE
DS17-GEN-0447,DS17,576100898c26d65b2827cbbc401a277151a9acf9+uncommitted-corpus-build,ACTIVE
DS17-GEN-0452,DS17,576100898c26d65b2827cbbc401a277151a9acf9+uncommitted-corpus-build,ACTIVE
DS17-GEN-0454,DS17,576100898c26d65b2827cbbc401a277151a9acf9+uncommitted-corpus-build,ACTIVE
DS17-GEN-0455,DS17,576100898c26d65b2827cbbc401a277151a9acf9+uncommitted-corpus-build,ACTIVE
DS17-GEN-0456,DS17,576100898c26d65b2827cbbc401a277151a9acf9+uncommitted-corpus-build,ACTIVE
DS17-GEN-0457,DS17,576100898c26d65b2827cbbc401a277151a9acf9+uncommitted-corpus-build,ACTIVE
DS17-GEN-0459,DS17,576100898c26d65b2827cbbc401a277151a9acf9+uncommitted-corpus-build,ACTIVE
DS17-GEN-0460,DS17,576100898c26d65b2827cbbc401a277151a9acf9+uncommitted-corpus-build,ACTIVE
DS17-GEN-0462,DS17,576100898c26d65b2827cbbc401a277151a9acf9+uncommitted-corpus-build,ACTIVE
DS17-GEN-0464,DS17,576100898c26d65b2827cbbc401a277151a9acf9+uncommitted-corpus-build,ACTIVE
DS17-GEN-0465,DS17,576100898c26d65b2827cbbc401a277151a9acf9+uncommitted-corpus-build,ACTIVE
DS17-GEN-0467,DS17,576100898c26d65b2827cbbc401a277151a9acf9+uncommitted-corpus-build,ACTIVE
DS17-GEN-0468,DS17,576100898c26d65b2827cbbc401a277151a9acf9+uncommitted-corpus-build,ACTIVE
DS17-GEN-0469,DS17,576100898c26d65b2827cbbc401a277151a9acf9+uncommitted-corpus-build,ACTIVE
DS17-GEN-0471,DS17,576100898c26d65b2827cbbc401a277151a9acf9+uncommitted-corpus-build,ACTIVE
DS17-GEN-0472,DS17,576100898c26d65b2827cbbc401a277151a9acf9+uncommitted-corpus-build,ACTIVE
DS17-GEN-0474,DS17,576100898c26d65b2827cbbc401a277151a9acf9+uncommitted-corpus-build,ACTIVE
DS17-GEN-0476,DS17,576100898c26d65b2827cbbc401a277151a9acf9+uncommitted-corpus-build,ACTIVE
DS17-GEN-0478,DS17,576100898c26d65b2827cbbc401a277151a9acf9+uncommitted-corpus-build,ACTIVE
DS17-GEN-0479,DS17,576100898c26d65b2827cbbc401a277151a9acf9+uncommitted-corpus-build,ACTIVE
DS17-GEN-0481,DS17,576100898c26d65b2827cbbc401a277151a9acf9+uncommitted-corpus-build,ACTIVE
DS17-GEN-0482,DS17,576100898c26d65b2827cbbc401a277151a9acf9+uncommitted-corpus-build,ACTIVE
DS17-GEN-0484,DS17,576100898c26d65b2827cbbc401a277151a9acf9+uncommitted-corpus-build,ACTIVE
DS17-GEN-0486,DS17,576100898c26d65b2827cbbc401a277151a9acf9+uncommitted-corpus-build,ACTIVE
DS17-GEN-0487,DS17,576100898c26d65b2827cbbc401a277151a9acf9+uncommitted-corpus-build,ACTIVE
DS17-GEN-0488,DS17,576100898c26d65b2827cbbc401a277151a9acf9+uncommitted-corpus-build,ACTIVE
DS17-GEN-0489,DS17,576100898c26d65b2827cbbc401a277151a9acf9+uncommitted-corpus-build,ACTIVE
DS17-GEN-0490,DS17,576100898c26d65b2827cbbc401a277151a9acf9+uncommitted-corpus-build,ACTIVE
DS17-GEN-0492,DS17,576100898c26d65b2827cbbc401a277151a9acf9+uncommitted-corpus-build,ACTIVE
DS17-GEN-0493,DS17,576100898c26d65b2827cbbc401a277151a9acf9+uncommitted-corpus-build,ACTIVE
DS17-GEN-0494,DS17,576100898c26d65b2827cbbc401a277151a9acf9+uncommitted-corpus-build,ACTIVE
DS17-GEN-0495,DS17,576100898c26d65b2827cbbc401a277151a9acf9+uncommitted-corpus-build,ACTIVE
DS17-GEN-0497,DS17,576100898c26d65b2827cbbc401a277151a9acf9+uncommitted-corpus-build,ACTIVE
DS17-GEN-0498,DS17,576100898c26d65b2827cbbc401a277151a9acf9+uncommitted-corpus-build,ACTIVE
DS17-GEN-0499,DS17,576100898c26d65b2827cbbc401a277151a9acf9+uncommitted-corpus-build,ACTIVE
DS17-GEN-0500,DS17,576100898c26d65b2827cbbc401a277151a9acf9+uncommitted-corpus-build,ACTIVE
DS17-GEN-0502,DS17,576100898c26d65b2827cbbc401a277151a9acf9+uncommitted-corpus-build,ACTIVE
DS17-GEN-0504,DS17,576100898c26d65b2827cbbc401a277151a9acf9+uncommitted-corpus-build,ACTIVE
DS17-GEN-0506,DS17,576100898c26d65b2827cbbc401a277151a9acf9+uncommitted-corpus-build,ACTIVE
DS17-GEN-0508,DS17,576100898c26d65b2827cbbc401a277151a9acf9+uncommitted-corpus-build,ACTIVE
DS17-GEN-0510,DS17,576100898c26d65b2827cbbc401a277151a9acf9+uncommitted-corpus-build,ACTIVE
DS17-GEN-0512,DS17,576100898c26d65b2827cbbc401a277151a9acf9+uncommitted-corpus-build,ACTIVE
DS17-GEN-0514,DS17,576100898c26d65b2827cbbc401a277151a9acf9+uncommitted-corpus-build,ACTIVE
DS17-GEN-0516,DS17,576100898c26d65b2827cbbc401a277151a9acf9+uncommitted-corpus-build,ACTIVE
DS17-GEN-0518,DS17,576100898c26d65b2827cbbc401a277151a9acf9+uncommitted-corpus-build,ACTIVE
DS17-GEN-0519,DS17,576100898c26d65b2827cbbc401a277151a9acf9+uncommitted-corpus-build,ACTIVE
DS17-GEN-0521,DS17,576100898c26d65b2827cbbc401a277151a9acf9+uncommitted-corpus-build,ACTIVE
DS17-GEN-0522,DS17,576100898c26d65b2827cbbc401a277151a9acf9+uncommitted-corpus-build,ACTIVE
DS17-GEN-0523,DS17,576100898c26d65b2827cbbc401a277151a9acf9+uncommitted-corpus-build,ACTIVE
DS17-GEN-0525,DS17,576100898c26d65b2827cbbc401a277151a9acf9+uncommitted-corpus-build,ACTIVE
DS17-GEN-0527,DS17,576100898c26d65b2827cbbc401a277151a9acf9+uncommitted-corpus-build,ACTIVE
DS17-GEN-0529,DS17,576100898c26d65b2827cbbc401a277151a9acf9+uncommitted-corpus-build,ACTIVE
DS17-GEN-0530,DS17,576100898c26d65b2827cbbc401a277151a9acf9+uncommitted-corpus-build,ACTIVE
DS17-GEN-0531,DS17,576100898c26d65b2827cbbc401a277151a9acf9+uncommitted-corpus-build,ACTIVE
DS17-GEN-0532,DS17,576100898c26d65b2827cbbc401a277151a9acf9+uncommitted-corpus-build,ACTIVE
DS17-GEN-0534,DS17,576100898c26d65b2827cbbc401a277151a9acf9+uncommitted-corpus-build,ACTIVE
DS17-GEN-0535,DS17,576100898c26d65b2827cbbc401a277151a9acf9+uncommitted-corpus-build,ACTIVE
DS17-GEN-0537,DS17,576100898c26d65b2827cbbc401a277151a9acf9+uncommitted-corpus-build,ACTIVE
DS17-GEN-0539,DS17,576100898c26d65b2827cbbc401a277151a9acf9+uncommitted-corpus-build,ACTIVE
DS17-GEN-0540,DS17,576100898c26d65b2827cbbc401a277151a9acf9+uncommitted-corpus-build,ACTIVE
DS17-GEN-0542,DS17,576100898c26d65b2827cbbc401a277151a9acf9+uncommitted-corpus-build,ACTIVE
DS17-GEN-0543,DS17,576100898c26d65b2827cbbc401a277151a9acf9+uncommitted-corpus-build,ACTIVE
DS17-GEN-0545,DS17,576100898c26d65b2827cbbc401a277151a9acf9+uncommitted-corpus-build,ACTIVE
DS17-GEN-0546,DS17,576100898c26d65b2827cbbc401a277151a9acf9+uncommitted-corpus-build,ACTIVE
DS17-GEN-0547,DS17,576100898c26d65b2827cbbc401a277151a9acf9+uncommitted-corpus-build,ACTIVE
DS17-GEN-0549,DS17,576100898c26d65b2827cbbc401a277151a9acf9+uncommitted-corpus-build,ACTIVE
DS17-GEN-0550,DS17,576100898c26d65b2827cbbc401a277151a9acf9+uncommitted-corpus-build,ACTIVE
DS17-GEN-0551,DS17,576100898c26d65b2827cbbc401a277151a9acf9+uncommitted-corpus-build,ACTIVE
DS17-GEN-0553,DS17,576100898c26d65b2827cbbc401a277151a9acf9+uncommitted-corpus-build,ACTIVE
DS17-GEN-0557,DS17,576100898c26d65b2827cbbc401a277151a9acf9+uncommitted-corpus-build,ACTIVE
DS17-GEN-0561,DS17,576100898c26d65b2827cbbc401a277151a9acf9+uncommitted-corpus-build,ACTIVE
DS17-GEN-0562,DS17,576100898c26d65b2827cbbc401a277151a9acf9+uncommitted-corpus-build,ACTIVE
DS17-GEN-0563,DS17,576100898c26d65b2827cbbc401a277151a9acf9+uncommitted-corpus-build,ACTIVE
DS17-GEN-0565,DS17,576100898c26d65b2827cbbc401a277151a9acf9+uncommitted-corpus-build,ACTIVE
DS17-GEN-0567,DS17,576100898c26d65b2827cbbc401a277151a9acf9+uncommitted-corpus-build,ACTIVE
DS17-GEN-0568,DS17,576100898c26d65b2827cbbc401a277151a9acf9+uncommitted-corpus-build,ACTIVE
DS17-GEN-0570,DS17,576100898c26d65b2827cbbc401a277151a9acf9+uncommitted-corpus-build,ACTIVE
DS17-GEN-0572,DS17,576100898c26d65b2827cbbc401a277151a9acf9+uncommitted-corpus-build,ACTIVE
DS17-GEN-0573,DS17,576100898c26d65b2827cbbc401a277151a9acf9+uncommitted-corpus-build,ACTIVE
DS17-GEN-0574,DS17,576100898c26d65b2827cbbc401a277151a9acf9+uncommitted-corpus-build,ACTIVE
DS17-GEN-0576,DS17,576100898c26d65b2827cbbc401a277151a9acf9+uncommitted-corpus-build,ACTIVE
DS17-GEN-0578,DS17,576100898c26d65b2827cbbc401a277151a9acf9+uncommitted-corpus-build,ACTIVE
DS17-GEN-0580,DS17,576100898c26d65b2827cbbc401a277151a9acf9+uncommitted-corpus-build,ACTIVE
DS17-GEN-0582,DS17,576100898c26d65b2827cbbc401a277151a9acf9+uncommitted-corpus-build,ACTIVE
DS17-GEN-0583,DS17,576100898c26d65b2827cbbc401a277151a9acf9+uncommitted-corpus-build,ACTIVE
DS17-GEN-0585,DS17,576100898c26d65b2827cbbc401a277151a9acf9+uncommitted-corpus-build,ACTIVE
DS17-GEN-0587,DS17,576100898c26d65b2827cbbc401a277151a9acf9+uncommitted-corpus-build,ACTIVE
DS17-GEN-0588,DS17,576100898c26d65b2827cbbc401a277151a9acf9+uncommitted-corpus-build,ACTIVE
DS17-GEN-0590,DS17,576100898c26d65b2827cbbc401a277151a9acf9+uncommitted-corpus-build,ACTIVE
DS17-GEN-0592,DS17,576100898c26d65b2827cbbc401a277151a9acf9+uncommitted-corpus-build,ACTIVE
DS17-GEN-0594,DS17,576100898c26d65b2827cbbc401a277151a9acf9+uncommitted-corpus-build,ACTIVE
DS17-GEN-0596,DS17,576100898c26d65b2827cbbc401a277151a9acf9+uncommitted-corpus-build,ACTIVE
DS17-GEN-0598,DS17,576100898c26d65b2827cbbc401a277151a9acf9+uncommitted-corpus-build,ACTIVE
DS17-GEN-0599,DS17,576100898c26d65b2827cbbc401a277151a9acf9+uncommitted-corpus-build,ACTIVE
DS17-GEN-0601,DS17,576100898c26d65b2827cbbc401a277151a9acf9+uncommitted-corpus-build,ACTIVE
DS17-GEN-0604,DS17,576100898c26d65b2827cbbc401a277151a9acf9+uncommitted-corpus-build,ACTIVE
DS17-GEN-0605,DS17,576100898c26d65b2827cbbc401a277151a9acf9+uncommitted-corpus-build,ACTIVE
DS17-GEN-0607,DS17,576100898c26d65b2827cbbc401a277151a9acf9+uncommitted-corpus-build,ACTIVE
DS17-GEN-0609,DS17,576100898c26d65b2827cbbc401a277151a9acf9+uncommitted-corpus-build,ACTIVE
DS17-GEN-0611,DS17,576100898c26d65b2827cbbc401a277151a9acf9+uncommitted-corpus-build,ACTIVE
DS17-GEN-0612,DS17,576100898c26d65b2827cbbc401a277151a9acf9+uncommitted-corpus-build,ACTIVE
DS17-GEN-0614,DS17,576100898c26d65b2827cbbc401a277151a9acf9+uncommitted-corpus-build,ACTIVE
DS17-GEN-0615,DS17,576100898c26d65b2827cbbc401a277151a9acf9+uncommitted-corpus-build,ACTIVE
DS17-GEN-0617,DS17,576100898c26d65b2827cbbc401a277151a9acf9+uncommitted-corpus-build,ACTIVE
DS17-GEN-0618,DS17,576100898c26d65b2827cbbc401a277151a9acf9+uncommitted-corpus-build,ACTIVE
DS17-GEN-0620,DS17,576100898c26d65b2827cbbc401a277151a9acf9+uncommitted-corpus-build,ACTIVE
DS17-GEN-0621,DS17,576100898c26d65b2827cbbc401a277151a9acf9+uncommitted-corpus-build,ACTIVE
DS17-GEN-0623,DS17,576100898c26d65b2827cbbc401a277151a9acf9+uncommitted-corpus-build,ACTIVE
DS17-GEN-0625,DS17,576100898c26d65b2827cbbc401a277151a9acf9+uncommitted-corpus-build,ACTIVE
DS17-GEN-0627,DS17,576100898c26d65b2827cbbc401a277151a9acf9+uncommitted-corpus-build,ACTIVE
DS17-GEN-0629,DS17,576100898c26d65b2827cbbc401a277151a9acf9+uncommitted-corpus-build,ACTIVE
DS17-GEN-0631,DS17,576100898c26d65b2827cbbc401a277151a9acf9+uncommitted-corpus-build,ACTIVE
DS17-GEN-0633,DS17,576100898c26d65b2827cbbc401a277151a9acf9+uncommitted-corpus-build,ACTIVE
DS17-GEN-0635,DS17,576100898c26d65b2827cbbc401a277151a9acf9+uncommitted-corpus-build,ACTIVE
DS17-GEN-0637,DS17,576100898c26d65b2827cbbc401a277151a9acf9+uncommitted-corpus-build,ACTIVE
DS17-GEN-0639,DS17,576100898c26d65b2827cbbc401a277151a9acf9+uncommitted-corpus-build,ACTIVE
DS17-GEN-0641,DS17,576100898c26d65b2827cbbc401a277151a9acf9+uncommitted-corpus-build,ACTIVE
DS17-GEN-0643,DS17,576100898c26d65b2827cbbc401a277151a9acf9+uncommitted-corpus-build,ACTIVE
DS17-GEN-0645,DS17,576100898c26d65b2827cbbc401a277151a9acf9+uncommitted-corpus-build,ACTIVE
DS17-GEN-0648,DS17,576100898c26d65b2827cbbc401a277151a9acf9+uncommitted-corpus-build,ACTIVE
DS17-GEN-0649,DS17,576100898c26d65b2827cbbc401a277151a9acf9+uncommitted-corpus-build,ACTIVE
DS17-GEN-0651,DS17,576100898c26d65b2827cbbc401a277151a9acf9+uncommitted-corpus-build,ACTIVE
DS17-GEN-0652,DS17,576100898c26d65b2827cbbc401a277151a9acf9+uncommitted-corpus-build,ACTIVE
DS17-GEN-0654,DS17,576100898c26d65b2827cbbc401a277151a9acf9+uncommitted-corpus-build,ACTIVE
DS17-GEN-0656,DS17,576100898c26d65b2827cbbc401a277151a9acf9+uncommitted-corpus-build,ACTIVE
DS17-GEN-0658,DS17,576100898c26d65b2827cbbc401a277151a9acf9+uncommitted-corpus-build,ACTIVE
DS17-GEN-0660,DS17,576100898c26d65b2827cbbc401a277151a9acf9+uncommitted-corpus-build,ACTIVE
DS17-GEN-0662,DS17,576100898c26d65b2827cbbc401a277151a9acf9+uncommitted-corpus-build,ACTIVE
DS17-GEN-0664,DS17,576100898c26d65b2827cbbc401a277151a9acf9+uncommitted-corpus-build,ACTIVE
DS17-GEN-0666,DS17,576100898c26d65b2827cbbc401a277151a9acf9+uncommitted-corpus-build,ACTIVE
DS17-GEN-0668,DS17,576100898c26d65b2827cbbc401a277151a9acf9+uncommitted-corpus-build,ACTIVE
DS17-GEN-0670,DS17,576100898c26d65b2827cbbc401a277151a9acf9+uncommitted-corpus-build,ACTIVE
DS17-GEN-0672,DS17,576100898c26d65b2827cbbc401a277151a9acf9+uncommitted-corpus-build,ACTIVE
DS17-GEN-0676,DS17,576100898c26d65b2827cbbc401a277151a9acf9+uncommitted-corpus-build,ACTIVE
DS17-GEN-0680,DS17,576100898c26d65b2827cbbc401a277151a9acf9+uncommitted-corpus-build,ACTIVE
DS17-GEN-0682,DS17,576100898c26d65b2827cbbc401a277151a9acf9+uncommitted-corpus-build,ACTIVE
DS17-GEN-0684,DS17,576100898c26d65b2827cbbc401a277151a9acf9+uncommitted-corpus-build,ACTIVE
DS17-GEN-0686,DS17,576100898c26d65b2827cbbc401a277151a9acf9+uncommitted-corpus-build,ACTIVE
DS17-GEN-0687,DS17,576100898c26d65b2827cbbc401a277151a9acf9+uncommitted-corpus-build,ACTIVE
DS17-GEN-0690,DS17,576100898c26d65b2827cbbc401a277151a9acf9+uncommitted-corpus-build,ACTIVE
DS17-GEN-0691,DS17,576100898c26d65b2827cbbc401a277151a9acf9+uncommitted-corpus-build,ACTIVE
DS17-GEN-0693,DS17,576100898c26d65b2827cbbc401a277151a9acf9+uncommitted-corpus-build,ACTIVE
DS17-GEN-0695,DS17,576100898c26d65b2827cbbc401a277151a9acf9+uncommitted-corpus-build,ACTIVE
DS17-GEN-0696,DS17,576100898c26d65b2827cbbc401a277151a9acf9+uncommitted-corpus-build,ACTIVE
DS17-GEN-0698,DS17,576100898c26d65b2827cbbc401a277151a9acf9+uncommitted-corpus-build,ACTIVE
DS17-GEN-0700,DS17,576100898c26d65b2827cbbc401a277151a9acf9+uncommitted-corpus-build,ACTIVE
DS17-GEN-0702,DS17,576100898c26d65b2827cbbc401a277151a9acf9+uncommitted-corpus-build,ACTIVE
DS17-GEN-0704,DS17,576100898c26d65b2827cbbc401a277151a9acf9+uncommitted-corpus-build,ACTIVE
DS17-GEN-0706,DS17,576100898c26d65b2827cbbc401a277151a9acf9+uncommitted-corpus-build,ACTIVE
DS17-GEN-0708,DS17,576100898c26d65b2827cbbc401a277151a9acf9+uncommitted-corpus-build,ACTIVE
DS17-GEN-0710,DS17,576100898c26d65b2827cbbc401a277151a9acf9+uncommitted-corpus-build,ACTIVE
DS17-GEN-0712,DS17,576100898c26d65b2827cbbc401a277151a9acf9+uncommitted-corpus-build,ACTIVE
DS17-GEN-0714,DS17,576100898c26d65b2827cbbc401a277151a9acf9+uncommitted-corpus-build,ACTIVE
DS17-GEN-0716,DS17,576100898c26d65b2827cbbc401a277151a9acf9+uncommitted-corpus-build,ACTIVE
DS17-GEN-0718,DS17,576100898c26d65b2827cbbc401a277151a9acf9+uncommitted-corpus-build,ACTIVE
DS17-GEN-0720,DS17,576100898c26d65b2827cbbc401a277151a9acf9+uncommitted-corpus-build,ACTIVE
DS17-GEN-0721,DS17,576100898c26d65b2827cbbc401a277151a9acf9+uncommitted-corpus-build,ACTIVE
DS17-GEN-0723,DS17,576100898c26d65b2827cbbc401a277151a9acf9+uncommitted-corpus-build,ACTIVE
DS17-GEN-0724,DS17,576100898c26d65b2827cbbc401a277151a9acf9+uncommitted-corpus-build,ACTIVE
DS17-GEN-0726,DS17,576100898c26d65b2827cbbc401a277151a9acf9+uncommitted-corpus-build,ACTIVE
DS17-GEN-0727,DS17,576100898c26d65b2827cbbc401a277151a9acf9+uncommitted-corpus-build,ACTIVE
DS17-GEN-0729,DS17,576100898c26d65b2827cbbc401a277151a9acf9+uncommitted-corpus-build,ACTIVE
DS17-GEN-0731,DS17,576100898c26d65b2827cbbc401a277151a9acf9+uncommitted-corpus-build,ACTIVE
DS17-GEN-0734,DS17,576100898c26d65b2827cbbc401a277151a9acf9+uncommitted-corpus-build,ACTIVE
DS17-GEN-0736,DS17,576100898c26d65b2827cbbc401a277151a9acf9+uncommitted-corpus-build,ACTIVE
DS17-GEN-0738,DS17,576100898c26d65b2827cbbc401a277151a9acf9+uncommitted-corpus-build,ACTIVE
DS17-GEN-0739,DS17,576100898c26d65b2827cbbc401a277151a9acf9+uncommitted-corpus-build,ACTIVE
DS17-GEN-0741,DS17,576100898c26d65b2827cbbc401a277151a9acf9+uncommitted-corpus-build,ACTIVE
DS17-GEN-0743,DS17,576100898c26d65b2827cbbc401a277151a9acf9+uncommitted-corpus-build,ACTIVE
DS17-GEN-0744,DS17,576100898c26d65b2827cbbc401a277151a9acf9+uncommitted-corpus-build,ACTIVE
DS17-GEN-0746,DS17,576100898c26d65b2827cbbc401a277151a9acf9+uncommitted-corpus-build,ACTIVE
DS17-GEN-0747,DS17,576100898c26d65b2827cbbc401a277151a9acf9+uncommitted-corpus-build,ACTIVE
DS17-GEN-0749,DS17,576100898c26d65b2827cbbc401a277151a9acf9+uncommitted-corpus-build,ACTIVE
DS17-GEN-0751,DS17,576100898c26d65b2827cbbc401a277151a9acf9+uncommitted-corpus-build,ACTIVE
DS17-GEN-0753,DS17,576100898c26d65b2827cbbc401a277151a9acf9+uncommitted-corpus-build,ACTIVE
DS17-GEN-0755,DS17,576100898c26d65b2827cbbc401a277151a9acf9+uncommitted-corpus-build,ACTIVE
DS17-GEN-0756,DS17,576100898c26d65b2827cbbc401a277151a9acf9+uncommitted-corpus-build,ACTIVE
DS17-GEN-0758,DS17,576100898c26d65b2827cbbc401a277151a9acf9+uncommitted-corpus-build,ACTIVE
DS17-GEN-0759,DS17,576100898c26d65b2827cbbc401a277151a9acf9+uncommitted-corpus-build,ACTIVE
DS17-GEN-0761,DS17,576100898c26d65b2827cbbc401a277151a9acf9+uncommitted-corpus-build,ACTIVE
DS17-GEN-0763,DS17,576100898c26d65b2827cbbc401a277151a9acf9+uncommitted-corpus-build,ACTIVE
DS17-GEN-0765,DS17,576100898c26d65b2827cbbc401a277151a9acf9+uncommitted-corpus-build,ACTIVE
DS17-GEN-0767,DS17,576100898c26d65b2827cbbc401a277151a9acf9+uncommitted-corpus-build,ACTIVE
DS17-GEN-0769,DS17,576100898c26d65b2827cbbc401a277151a9acf9+uncommitted-corpus-build,ACTIVE
DS17-GEN-0771,DS17,576100898c26d65b2827cbbc401a277151a9acf9+uncommitted-corpus-build,ACTIVE
DS17-GEN-0773,DS17,576100898c26d65b2827cbbc401a277151a9acf9+uncommitted-corpus-build,ACTIVE
DS17-GEN-0775,DS17,576100898c26d65b2827cbbc401a277151a9acf9+uncommitted-corpus-build,ACTIVE
DS17-GEN-0777,DS17,576100898c26d65b2827cbbc401a277151a9acf9+uncommitted-corpus-build,ACTIVE
DS17-GEN-0780,DS17,576100898c26d65b2827cbbc401a277151a9acf9+uncommitted-corpus-build,ACTIVE
DS17-GEN-0782,DS17,576100898c26d65b2827cbbc401a277151a9acf9+uncommitted-corpus-build,ACTIVE
DS17-GEN-0784,DS17,576100898c26d65b2827cbbc401a277151a9acf9+uncommitted-corpus-build,ACTIVE
DS17-GEN-0785,DS17,576100898c26d65b2827cbbc401a277151a9acf9+uncommitted-corpus-build,ACTIVE
DS17-GEN-0787,DS17,576100898c26d65b2827cbbc401a277151a9acf9+uncommitted-corpus-build,ACTIVE
DS17-GEN-0788,DS17,576100898c26d65b2827cbbc401a277151a9acf9+uncommitted-corpus-build,ACTIVE
DS17-GEN-0790,DS17,576100898c26d65b2827cbbc401a277151a9acf9+uncommitted-corpus-build,ACTIVE
DS17-GEN-0792,DS17,576100898c26d65b2827cbbc401a277151a9acf9+uncommitted-corpus-build,ACTIVE
DS17-GEN-0793,DS17,576100898c26d65b2827cbbc401a277151a9acf9+uncommitted-corpus-build,ACTIVE
DS17-GEN-0795,DS17,576100898c26d65b2827cbbc401a277151a9acf9+uncommitted-corpus-build,ACTIVE
DS17-GEN-0797,DS17,576100898c26d65b2827cbbc401a277151a9acf9+uncommitted-corpus-build,ACTIVE
DS17-GEN-0799,DS17,576100898c26d65b2827cbbc401a277151a9acf9+uncommitted-corpus-build,ACTIVE
DS17-GEN-0803,DS17,576100898c26d65b2827cbbc401a277151a9acf9+uncommitted-corpus-build,ACTIVE
DS17-GEN-0807,DS17,576100898c26d65b2827cbbc401a277151a9acf9+uncommitted-corpus-build,ACTIVE
DS17-GEN-0808,DS17,576100898c26d65b2827cbbc401a277151a9acf9+uncommitted-corpus-build,ACTIVE
DS17-GEN-0809,DS17,576100898c26d65b2827cbbc401a277151a9acf9+uncommitted-corpus-build,ACTIVE
DS17-GEN-0810,DS17,576100898c26d65b2827cbbc401a277151a9acf9+uncommitted-corpus-build,ACTIVE
DS17-GEN-0811,DS17,576100898c26d65b2827cbbc401a277151a9acf9+uncommitted-corpus-build,ACTIVE
DS17-GEN-0813,DS17,576100898c26d65b2827cbbc401a277151a9acf9+uncommitted-corpus-build,ACTIVE
DS17-GEN-0815,DS17,576100898c26d65b2827cbbc401a277151a9acf9+uncommitted-corpus-build,ACTIVE
DS17-GEN-0817,DS17,576100898c26d65b2827cbbc401a277151a9acf9+uncommitted-corpus-build,ACTIVE
DS17-GEN-0818,DS17,576100898c26d65b2827cbbc401a277151a9acf9+uncommitted-corpus-build,ACTIVE
DS17-GEN-0819,DS17,576100898c26d65b2827cbbc401a277151a9acf9+uncommitted-corpus-build,ACTIVE
DS17-GEN-0822,DS17,576100898c26d65b2827cbbc401a277151a9acf9+uncommitted-corpus-build,ACTIVE
DS17-GEN-0824,DS17,576100898c26d65b2827cbbc401a277151a9acf9+uncommitted-corpus-build,ACTIVE
DS17-GEN-0826,DS17,576100898c26d65b2827cbbc401a277151a9acf9+uncommitted-corpus-build,ACTIVE
DS17-GEN-0828,DS17,576100898c26d65b2827cbbc401a277151a9acf9+uncommitted-corpus-build,ACTIVE
DS17-GEN-0830,DS17,576100898c26d65b2827cbbc401a277151a9acf9+uncommitted-corpus-build,ACTIVE
DS17-GEN-0832,DS17,576100898c26d65b2827cbbc401a277151a9acf9+uncommitted-corpus-build,ACTIVE
DS17-GEN-0834,DS17,576100898c26d65b2827cbbc401a277151a9acf9+uncommitted-corpus-build,ACTIVE
DS17-GEN-0836,DS17,576100898c26d65b2827cbbc401a277151a9acf9+uncommitted-corpus-build,ACTIVE
DS17-GEN-0838,DS17,576100898c26d65b2827cbbc401a277151a9acf9+uncommitted-corpus-build,ACTIVE
DS17-GEN-0840,DS17,576100898c26d65b2827cbbc401a277151a9acf9+uncommitted-corpus-build,ACTIVE
DS17-GEN-0842,DS17,576100898c26d65b2827cbbc401a277151a9acf9+uncommitted-corpus-build,ACTIVE
DS17-GEN-0843,DS17,576100898c26d65b2827cbbc401a277151a9acf9+uncommitted-corpus-build,ACTIVE
DS17-GEN-0845,DS17,576100898c26d65b2827cbbc401a277151a9acf9+uncommitted-corpus-build,ACTIVE
DS17-GEN-0846,DS17,576100898c26d65b2827cbbc401a277151a9acf9+uncommitted-corpus-build,ACTIVE
DS17-GEN-0848,DS17,576100898c26d65b2827cbbc401a277151a9acf9+uncommitted-corpus-build,ACTIVE
DS17-GEN-0849,DS17,576100898c26d65b2827cbbc401a277151a9acf9+uncommitted-corpus-build,ACTIVE
DS17-GEN-0851,DS17,576100898c26d65b2827cbbc401a277151a9acf9+uncommitted-corpus-build,ACTIVE
DS17-GEN-0852,DS17,576100898c26d65b2827cbbc401a277151a9acf9+uncommitted-corpus-build,ACTIVE
DS17-GEN-0854,DS17,576100898c26d65b2827cbbc401a277151a9acf9+uncommitted-corpus-build,ACTIVE
DS17-GEN-0856,DS17,576100898c26d65b2827cbbc401a277151a9acf9+uncommitted-corpus-build,ACTIVE
DS17-GEN-0858,DS17,576100898c26d65b2827cbbc401a277151a9acf9+uncommitted-corpus-build,ACTIVE
DS17-GEN-0859,DS17,576100898c26d65b2827cbbc401a277151a9acf9+uncommitted-corpus-build,ACTIVE
DS17-GEN-0861,DS17,576100898c26d65b2827cbbc401a277151a9acf9+uncommitted-corpus-build,ACTIVE
DS17-GEN-0863,DS17,576100898c26d65b2827cbbc401a277151a9acf9+uncommitted-corpus-build,ACTIVE
DS17-GEN-0866,DS17,576100898c26d65b2827cbbc401a277151a9acf9+uncommitted-corpus-build,ACTIVE
DS17-GEN-0868,DS17,576100898c26d65b2827cbbc401a277151a9acf9+uncommitted-corpus-build,ACTIVE
DS17-GEN-0870,DS17,576100898c26d65b2827cbbc401a277151a9acf9+uncommitted-corpus-build,ACTIVE
DS17-GEN-0871,DS17,576100898c26d65b2827cbbc401a277151a9acf9+uncommitted-corpus-build,ACTIVE
DS17-GEN-0873,DS17,576100898c26d65b2827cbbc401a277151a9acf9+uncommitted-corpus-build,ACTIVE
DS17-GEN-0874,DS17,576100898c26d65b2827cbbc401a277151a9acf9+uncommitted-corpus-build,ACTIVE
DS17-GEN-0876,DS17,576100898c26d65b2827cbbc401a277151a9acf9+uncommitted-corpus-build,ACTIVE
DS17-GEN-0877,DS17,576100898c26d65b2827cbbc401a277151a9acf9+uncommitted-corpus-build,ACTIVE
DS17-GEN-0879,DS17,576100898c26d65b2827cbbc401a277151a9acf9+uncommitted-corpus-build,ACTIVE
DS17-GEN-0880,DS17,576100898c26d65b2827cbbc401a277151a9acf9+uncommitted-corpus-build,ACTIVE
DS17-GEN-0881,DS17,576100898c26d65b2827cbbc401a277151a9acf9+uncommitted-corpus-build,ACTIVE
DS17-GEN-0882,DS17,576100898c26d65b2827cbbc401a277151a9acf9+uncommitted-corpus-build,ACTIVE
DS17-GEN-0884,DS17,576100898c26d65b2827cbbc401a277151a9acf9+uncommitted-corpus-build,ACTIVE
DS17-GEN-0886,DS17,576100898c26d65b2827cbbc401a277151a9acf9+uncommitted-corpus-build,ACTIVE
DS17-GEN-0887,DS17,576100898c26d65b2827cbbc401a277151a9acf9+uncommitted-corpus-build,ACTIVE
DS17-GEN-0888,DS17,576100898c26d65b2827cbbc401a277151a9acf9+uncommitted-corpus-build,ACTIVE
DS17-GEN-0890,DS17,576100898c26d65b2827cbbc401a277151a9acf9+uncommitted-corpus-build,ACTIVE
DS17-GEN-0891,DS17,576100898c26d65b2827cbbc401a277151a9acf9+uncommitted-corpus-build,ACTIVE
DS17-GEN-0892,DS17,576100898c26d65b2827cbbc401a277151a9acf9+uncommitted-corpus-build,ACTIVE
DS17-GEN-0894,DS17,576100898c26d65b2827cbbc401a277151a9acf9+uncommitted-corpus-build,ACTIVE
DS17-GEN-0897,DS17,576100898c26d65b2827cbbc401a277151a9acf9+uncommitted-corpus-build,ACTIVE
DS17-GEN-0901,DS17,576100898c26d65b2827cbbc401a277151a9acf9+uncommitted-corpus-build,ACTIVE
DS17-GEN-0902,DS17,576100898c26d65b2827cbbc401a277151a9acf9+uncommitted-corpus-build,ACTIVE
DS17-GEN-0904,DS17,576100898c26d65b2827cbbc401a277151a9acf9+uncommitted-corpus-build,ACTIVE
DS17-GEN-0905,DS17,576100898c26d65b2827cbbc401a277151a9acf9+uncommitted-corpus-build,ACTIVE
DS17-GEN-0908,DS17,576100898c26d65b2827cbbc401a277151a9acf9+uncommitted-corpus-build,ACTIVE
DS17-GEN-0909,DS17,576100898c26d65b2827cbbc401a277151a9acf9+uncommitted-corpus-build,ACTIVE
DS17-GEN-0910,DS17,576100898c26d65b2827cbbc401a277151a9acf9+uncommitted-corpus-build,ACTIVE
DS17-GEN-0912,DS17,576100898c26d65b2827cbbc401a277151a9acf9+uncommitted-corpus-build,ACTIVE
DS17-GEN-0913,DS17,576100898c26d65b2827cbbc401a277151a9acf9+uncommitted-corpus-build,ACTIVE
DS17-GEN-0914,DS17,576100898c26d65b2827cbbc401a277151a9acf9+uncommitted-corpus-build,ACTIVE
DS17-GEN-0916,DS17,576100898c26d65b2827cbbc401a277151a9acf9+uncommitted-corpus-build,ACTIVE
DS17-GEN-0917,DS17,576100898c26d65b2827cbbc401a277151a9acf9+uncommitted-corpus-build,ACTIVE
DS17-GEN-0919,DS17,576100898c26d65b2827cbbc401a277151a9acf9+uncommitted-corpus-build,ACTIVE
DS17-GEN-0920,DS17,576100898c26d65b2827cbbc401a277151a9acf9+uncommitted-corpus-build,ACTIVE
DS17-GEN-0922,DS17,576100898c26d65b2827cbbc401a277151a9acf9+uncommitted-corpus-build,ACTIVE
DS17-GEN-0923,DS17,576100898c26d65b2827cbbc401a277151a9acf9+uncommitted-corpus-build,ACTIVE
DS17-GEN-0924,DS17,576100898c26d65b2827cbbc401a277151a9acf9+uncommitted-corpus-build,ACTIVE
DS17-GEN-0926,DS17,576100898c26d65b2827cbbc401a277151a9acf9+uncommitted-corpus-build,ACTIVE
DS17-GEN-0927,DS17,576100898c26d65b2827cbbc401a277151a9acf9+uncommitted-corpus-build,ACTIVE
DS17-GEN-0928,DS17,576100898c26d65b2827cbbc401a277151a9acf9+uncommitted-corpus-build,ACTIVE
DS17-GEN-0929,DS17,576100898c26d65b2827cbbc401a277151a9acf9+uncommitted-corpus-build,ACTIVE
DS17-GEN-0930,DS17,576100898c26d65b2827cbbc401a277151a9acf9+uncommitted-corpus-build,ACTIVE
DS17-GEN-0932,DS17,576100898c26d65b2827cbbc401a277151a9acf9+uncommitted-corpus-build,ACTIVE
DS17-GEN-0934,DS17,576100898c26d65b2827cbbc401a277151a9acf9+uncommitted-corpus-build,ACTIVE
DS17-GEN-0935,DS17,576100898c26d65b2827cbbc401a277151a9acf9+uncommitted-corpus-build,ACTIVE
DS17-GEN-0937,DS17,576100898c26d65b2827cbbc401a277151a9acf9+uncommitted-corpus-build,ACTIVE
DS17-GEN-0939,DS17,576100898c26d65b2827cbbc401a277151a9acf9+uncommitted-corpus-build,ACTIVE
DS17-GEN-0941,DS17,576100898c26d65b2827cbbc401a277151a9acf9+uncommitted-corpus-build,ACTIVE
DS17-GEN-0942,DS17,576100898c26d65b2827cbbc401a277151a9acf9+uncommitted-corpus-build,ACTIVE
DS17-GEN-0943,DS17,576100898c26d65b2827cbbc401a277151a9acf9+uncommitted-corpus-build,ACTIVE
DS17-GEN-0945,DS17,576100898c26d65b2827cbbc401a277151a9acf9+uncommitted-corpus-build,ACTIVE
DS17-GEN-0947,DS17,576100898c26d65b2827cbbc401a277151a9acf9+uncommitted-corpus-build,ACTIVE
DS17-GEN-0948,DS17,576100898c26d65b2827cbbc401a277151a9acf9+uncommitted-corpus-build,ACTIVE
DS17-GEN-0949,DS17,576100898c26d65b2827cbbc401a277151a9acf9+uncommitted-corpus-build,ACTIVE
DS17-GEN-0950,DS17,576100898c26d65b2827cbbc401a277151a9acf9+uncommitted-corpus-build,ACTIVE
DS17-GEN-0953,DS17,576100898c26d65b2827cbbc401a277151a9acf9+uncommitted-corpus-build,ACTIVE
DS17-GEN-0954,DS17,576100898c26d65b2827cbbc401a277151a9acf9+uncommitted-corpus-build,ACTIVE
DS17-GEN-0955,DS17,576100898c26d65b2827cbbc401a277151a9acf9+uncommitted-corpus-build,ACTIVE
DS17-GEN-0957,DS17,576100898c26d65b2827cbbc401a277151a9acf9+uncommitted-corpus-build,ACTIVE
DS17-GEN-0958,DS17,576100898c26d65b2827cbbc401a277151a9acf9+uncommitted-corpus-build,ACTIVE
DS17-GEN-0959,DS17,576100898c26d65b2827cbbc401a277151a9acf9+uncommitted-corpus-build,ACTIVE
DS17-GEN-0961,DS17,576100898c26d65b2827cbbc401a277151a9acf9+uncommitted-corpus-build,ACTIVE
DS17-GEN-0962,DS17,576100898c26d65b2827cbbc401a277151a9acf9+uncommitted-corpus-build,ACTIVE
DS17-GEN-0963,DS17,576100898c26d65b2827cbbc401a277151a9acf9+uncommitted-corpus-build,ACTIVE
DS17-GEN-0964,DS17,576100898c26d65b2827cbbc401a277151a9acf9+uncommitted-corpus-build,ACTIVE
DS17-GEN-0965,DS17,576100898c26d65b2827cbbc401a277151a9acf9+uncommitted-corpus-build,ACTIVE
DS17-GEN-0966,DS17,576100898c26d65b2827cbbc401a277151a9acf9+uncommitted-corpus-build,ACTIVE
DS17-GEN-0968,DS17,576100898c26d65b2827cbbc401a277151a9acf9+uncommitted-corpus-build,ACTIVE
DS17-GEN-0969,DS17,576100898c26d65b2827cbbc401a277151a9acf9+uncommitted-corpus-build,ACTIVE
DS17-GEN-0971,DS17,576100898c26d65b2827cbbc401a277151a9acf9+uncommitted-corpus-build,ACTIVE
DS17-GEN-0972,DS17,576100898c26d65b2827cbbc401a277151a9acf9+uncommitted-corpus-build,ACTIVE
DS17-GEN-0973,DS17,576100898c26d65b2827cbbc401a277151a9acf9+uncommitted-corpus-build,ACTIVE
DS17-GEN-0975,DS17,576100898c26d65b2827cbbc401a277151a9acf9+uncommitted-corpus-build,ACTIVE
DS17-GEN-0976,DS17,576100898c26d65b2827cbbc401a277151a9acf9+uncommitted-corpus-build,ACTIVE
DS17-GEN-0977,DS17,576100898c26d65b2827cbbc401a277151a9acf9+uncommitted-corpus-build,ACTIVE
DS17-GEN-0979,DS17,576100898c26d65b2827cbbc401a277151a9acf9+uncommitted-corpus-build,ACTIVE
DS17-GEN-0980,DS17,576100898c26d65b2827cbbc401a277151a9acf9+uncommitted-corpus-build,ACTIVE
DS17-GEN-0982,DS17,576100898c26d65b2827cbbc401a277151a9acf9+uncommitted-corpus-build,ACTIVE
DS17-GEN-0983,DS17,576100898c26d65b2827cbbc401a277151a9acf9+uncommitted-corpus-build,ACTIVE
DS17-GEN-0984,DS17,576100898c26d65b2827cbbc401a277151a9acf9+uncommitted-corpus-build,ACTIVE
DS17-GEN-0985,DS17,576100898c26d65b2827cbbc401a277151a9acf9+uncommitted-corpus-build,ACTIVE
DS17-GEN-0989,DS17,576100898c26d65b2827cbbc401a277151a9acf9+uncommitted-corpus-build,ACTIVE
DS17-GEN-0992,DS17,576100898c26d65b2827cbbc401a277151a9acf9+uncommitted-corpus-build,ACTIVE
DS17-GEN-0993,DS17,576100898c26d65b2827cbbc401a277151a9acf9+uncommitted-corpus-build,ACTIVE
DS17-GEN-0996,DS17,576100898c26d65b2827cbbc401a277151a9acf9+uncommitted-corpus-build,ACTIVE
DS17-GEN-0998,DS17,576100898c26d65b2827cbbc401a277151a9acf9+uncommitted-corpus-build,ACTIVE
DS17-GEN-1000,DS17,576100898c26d65b2827cbbc401a277151a9acf9+uncommitted-corpus-build,ACTIVE
DS17-GEN-1001,DS17,576100898c26d65b2827cbbc401a277151a9acf9+uncommitted-corpus-build,ACTIVE
DS17-GEN-1003,DS17,576100898c26d65b2827cbbc401a277151a9acf9+uncommitted-corpus-build,ACTIVE
DS17-GEN-1005,DS17,576100898c26d65b2827cbbc401a277151a9acf9+uncommitted-corpus-build,ACTIVE
DS17-GEN-1006,DS17,576100898c26d65b2827cbbc401a277151a9acf9+uncommitted-corpus-build,ACTIVE
DS17-GEN-1008,DS17,576100898c26d65b2827cbbc401a277151a9acf9+uncommitted-corpus-build,ACTIVE
DS17-GEN-1010,DS17,576100898c26d65b2827cbbc401a277151a9acf9+uncommitted-corpus-build,ACTIVE
DS17-GEN-1011,DS17,576100898c26d65b2827cbbc401a277151a9acf9+uncommitted-corpus-build,ACTIVE
DS17-GEN-1012,DS17,576100898c26d65b2827cbbc401a277151a9acf9+uncommitted-corpus-build,ACTIVE
DS17-GEN-1013,DS17,576100898c26d65b2827cbbc401a277151a9acf9+uncommitted-corpus-build,ACTIVE
DS17-GEN-1015,DS17,576100898c26d65b2827cbbc401a277151a9acf9+uncommitted-corpus-build,ACTIVE
DS17-GEN-1017,DS17,576100898c26d65b2827cbbc401a277151a9acf9+uncommitted-corpus-build,ACTIVE
DS17-GEN-1018,DS17,576100898c26d65b2827cbbc401a277151a9acf9+uncommitted-corpus-build,ACTIVE
DS17-GEN-1019,DS17,576100898c26d65b2827cbbc401a277151a9acf9+uncommitted-corpus-build,ACTIVE
DS17-GEN-1020,DS17,576100898c26d65b2827cbbc401a277151a9acf9+uncommitted-corpus-build,ACTIVE
DS17-GEN-1021,DS17,576100898c26d65b2827cbbc401a277151a9acf9+uncommitted-corpus-build,ACTIVE
DS17-GEN-1022,DS17,576100898c26d65b2827cbbc401a277151a9acf9+uncommitted-corpus-build,ACTIVE
DS17-GEN-1023,DS17,576100898c26d65b2827cbbc401a277151a9acf9+uncommitted-corpus-build,ACTIVE
DS17-GEN-1024,DS17,576100898c26d65b2827cbbc401a277151a9acf9+uncommitted-corpus-build,ACTIVE
DS17-GEN-1025,DS17,576100898c26d65b2827cbbc401a277151a9acf9+uncommitted-corpus-build,ACTIVE
DS17-GEN-1027,DS17,576100898c26d65b2827cbbc401a277151a9acf9+uncommitted-corpus-build,ACTIVE
DS17-GEN-1029,DS17,576100898c26d65b2827cbbc401a277151a9acf9+uncommitted-corpus-build,ACTIVE
DS17-GEN-1030,DS17,576100898c26d65b2827cbbc401a277151a9acf9+uncommitted-corpus-build,ACTIVE
DS17-GEN-1031,DS17,576100898c26d65b2827cbbc401a277151a9acf9+uncommitted-corpus-build,ACTIVE
DS17-GEN-1032,DS17,576100898c26d65b2827cbbc401a277151a9acf9+uncommitted-corpus-build,ACTIVE
DS17-GEN-1034,DS17,576100898c26d65b2827cbbc401a277151a9acf9+uncommitted-corpus-build,ACTIVE
DS17-GEN-1035,DS17,576100898c26d65b2827cbbc401a277151a9acf9+uncommitted-corpus-build,ACTIVE
DS17-GEN-1036,DS17,576100898c26d65b2827cbbc401a277151a9acf9+uncommitted-corpus-build,ACTIVE
DS17-GEN-1037,DS17,576100898c26d65b2827cbbc401a277151a9acf9+uncommitted-corpus-build,ACTIVE
DS17-GEN-1040,DS17,576100898c26d65b2827cbbc401a277151a9acf9+uncommitted-corpus-build,ACTIVE
DS17-GEN-1041,DS17,576100898c26d65b2827cbbc401a277151a9acf9+uncommitted-corpus-build,ACTIVE
DS17-GEN-1043,DS17,576100898c26d65b2827cbbc401a277151a9acf9+uncommitted-corpus-build,ACTIVE
DS17-GEN-1044,DS17,576100898c26d65b2827cbbc401a277151a9acf9+uncommitted-corpus-build,ACTIVE
DS17-GEN-1046,DS17,576100898c26d65b2827cbbc401a277151a9acf9+uncommitted-corpus-build,ACTIVE
DS17-GEN-1048,DS17,576100898c26d65b2827cbbc401a277151a9acf9+uncommitted-corpus-build,ACTIVE
DS17-GEN-1049,DS17,576100898c26d65b2827cbbc401a277151a9acf9+uncommitted-corpus-build,ACTIVE
DS17-GEN-1050,DS17,576100898c26d65b2827cbbc401a277151a9acf9+uncommitted-corpus-build,ACTIVE
DS17-GEN-1051,DS17,576100898c26d65b2827cbbc401a277151a9acf9+uncommitted-corpus-build,ACTIVE
DS17-GEN-1052,DS17,576100898c26d65b2827cbbc401a277151a9acf9+uncommitted-corpus-build,ACTIVE
DS17-GEN-1053,DS17,576100898c26d65b2827cbbc401a277151a9acf9+uncommitted-corpus-build,ACTIVE
DS17-GEN-1054,DS17,576100898c26d65b2827cbbc401a277151a9acf9+uncommitted-corpus-build,ACTIVE
DS17-GEN-1056,DS17,576100898c26d65b2827cbbc401a277151a9acf9+uncommitted-corpus-build,ACTIVE
DS17-GEN-1057,DS17,576100898c26d65b2827cbbc401a277151a9acf9+uncommitted-corpus-build,ACTIVE
DS17-GEN-1058,DS17,576100898c26d65b2827cbbc401a277151a9acf9+uncommitted-corpus-build,ACTIVE
DS17-GEN-1059,DS17,576100898c26d65b2827cbbc401a277151a9acf9+uncommitted-corpus-build,ACTIVE
DS17-GEN-1060,DS17,576100898c26d65b2827cbbc401a277151a9acf9+uncommitted-corpus-build,ACTIVE
DS17-GEN-1061,DS17,576100898c26d65b2827cbbc401a277151a9acf9+uncommitted-corpus-build,ACTIVE
DS17-GEN-1062,DS17,576100898c26d65b2827cbbc401a277151a9acf9+uncommitted-corpus-build,ACTIVE
DS17-GEN-1063,DS17,576100898c26d65b2827cbbc401a277151a9acf9+uncommitted-corpus-build,ACTIVE
DS17-GEN-1065,DS17,576100898c26d65b2827cbbc401a277151a9acf9+uncommitted-corpus-build,ACTIVE
DS17-GEN-1066,DS17,576100898c26d65b2827cbbc401a277151a9acf9+uncommitted-corpus-build,ACTIVE
DS17-GEN-1068,DS17,576100898c26d65b2827cbbc401a277151a9acf9+uncommitted-corpus-build,ACTIVE
DS17-GEN-1069,DS17,576100898c26d65b2827cbbc401a277151a9acf9+uncommitted-corpus-build,ACTIVE
DS17-GEN-1071,DS17,576100898c26d65b2827cbbc401a277151a9acf9+uncommitted-corpus-build,ACTIVE
DS17-GEN-1075,DS17,576100898c26d65b2827cbbc401a277151a9acf9+uncommitted-corpus-build,ACTIVE
DS17-GEN-1077,DS17,576100898c26d65b2827cbbc401a277151a9acf9+uncommitted-corpus-build,ACTIVE
DS17-GEN-1078,DS17,576100898c26d65b2827cbbc401a277151a9acf9+uncommitted-corpus-build,ACTIVE
DS17-GEN-1079,DS17,576100898c26d65b2827cbbc401a277151a9acf9+uncommitted-corpus-build,ACTIVE
DS17-GEN-1080,DS17,576100898c26d65b2827cbbc401a277151a9acf9+uncommitted-corpus-build,ACTIVE
DS17-GEN-1083,DS17,576100898c26d65b2827cbbc401a277151a9acf9+uncommitted-corpus-build,ACTIVE
DS17-GEN-1084,DS17,576100898c26d65b2827cbbc401a277151a9acf9+uncommitted-corpus-build,ACTIVE
DS17-GEN-1085,DS17,576100898c26d65b2827cbbc401a277151a9acf9+uncommitted-corpus-build,ACTIVE
DS17-GEN-1087,DS17,576100898c26d65b2827cbbc401a277151a9acf9+uncommitted-corpus-build,ACTIVE
DS17-GEN-1088,DS17,576100898c26d65b2827cbbc401a277151a9acf9+uncommitted-corpus-build,ACTIVE
DS17-GEN-1089,DS17,576100898c26d65b2827cbbc401a277151a9acf9+uncommitted-corpus-build,ACTIVE
DS17-GEN-1090,DS17,576100898c26d65b2827cbbc401a277151a9acf9+uncommitted-corpus-build,ACTIVE
DS17-GEN-1092,DS17,576100898c26d65b2827cbbc401a277151a9acf9+uncommitted-corpus-build,ACTIVE
DS17-GEN-1094,DS17,576100898c26d65b2827cbbc401a277151a9acf9+uncommitted-corpus-build,ACTIVE
DS17-GEN-1095,DS17,576100898c26d65b2827cbbc401a277151a9acf9+uncommitted-corpus-build,ACTIVE
DS17-GEN-1096,DS17,576100898c26d65b2827cbbc401a277151a9acf9+uncommitted-corpus-build,ACTIVE
DS17-GEN-1098,DS17,576100898c26d65b2827cbbc401a277151a9acf9+uncommitted-corpus-build,ACTIVE
DS17-GEN-1099,DS17,576100898c26d65b2827cbbc401a277151a9acf9+uncommitted-corpus-build,ACTIVE
DS17-GEN-1100,DS17,576100898c26d65b2827cbbc401a277151a9acf9+uncommitted-corpus-build,ACTIVE
DS17-GEN-1102,DS17,576100898c26d65b2827cbbc401a277151a9acf9+uncommitted-corpus-build,ACTIVE
DS17-GEN-1103,DS17,576100898c26d65b2827cbbc401a277151a9acf9+uncommitted-corpus-build,ACTIVE
DS17-GEN-1104,DS17,576100898c26d65b2827cbbc401a277151a9acf9+uncommitted-corpus-build,ACTIVE
DS17-GEN-1106,DS17,576100898c26d65b2827cbbc401a277151a9acf9+uncommitted-corpus-build,ACTIVE
DS17-GEN-1108,DS17,576100898c26d65b2827cbbc401a277151a9acf9+uncommitted-corpus-build,ACTIVE
DS17-GEN-1110,DS17,576100898c26d65b2827cbbc401a277151a9acf9+uncommitted-corpus-build,ACTIVE
DS17-GEN-1111,DS17,576100898c26d65b2827cbbc401a277151a9acf9+uncommitted-corpus-build,ACTIVE
DS17-GEN-1112,DS17,576100898c26d65b2827cbbc401a277151a9acf9+uncommitted-corpus-build,ACTIVE
DS17-GEN-1114,DS17,576100898c26d65b2827cbbc401a277151a9acf9+uncommitted-corpus-build,ACTIVE
DS17-GEN-1116,DS17,576100898c26d65b2827cbbc401a277151a9acf9+uncommitted-corpus-build,ACTIVE
DS17-GEN-1117,DS17,576100898c26d65b2827cbbc401a277151a9acf9+uncommitted-corpus-build,ACTIVE
DS17-GEN-1119,DS17,576100898c26d65b2827cbbc401a277151a9acf9+uncommitted-corpus-build,ACTIVE
DS17-GEN-1120,DS17,576100898c26d65b2827cbbc401a277151a9acf9+uncommitted-corpus-build,ACTIVE
DS17-GEN-1121,DS17,576100898c26d65b2827cbbc401a277151a9acf9+uncommitted-corpus-build,ACTIVE
DS17-GEN-1123,DS17,576100898c26d65b2827cbbc401a277151a9acf9+uncommitted-corpus-build,ACTIVE
DS17-GEN-1125,DS17,576100898c26d65b2827cbbc401a277151a9acf9+uncommitted-corpus-build,ACTIVE
DS17-GEN-1128,DS17,576100898c26d65b2827cbbc401a277151a9acf9+uncommitted-corpus-build,ACTIVE
DS17-GEN-1129,DS17,576100898c26d65b2827cbbc401a277151a9acf9+uncommitted-corpus-build,ACTIVE
DS17-GEN-1130,DS17,576100898c26d65b2827cbbc401a277151a9acf9+uncommitted-corpus-build,ACTIVE
DS17-GEN-1132,DS17,576100898c26d65b2827cbbc401a277151a9acf9+uncommitted-corpus-build,ACTIVE
DS17-GEN-1133,DS17,576100898c26d65b2827cbbc401a277151a9acf9+uncommitted-corpus-build,ACTIVE
DS17-GEN-1135,DS17,576100898c26d65b2827cbbc401a277151a9acf9+uncommitted-corpus-build,ACTIVE
DS17-GEN-1136,DS17,576100898c26d65b2827cbbc401a277151a9acf9+uncommitted-corpus-build,ACTIVE
DS17-GEN-1138,DS17,576100898c26d65b2827cbbc401a277151a9acf9+uncommitted-corpus-build,ACTIVE
DS17-GEN-1139,DS17,576100898c26d65b2827cbbc401a277151a9acf9+uncommitted-corpus-build,ACTIVE
DS17-GEN-1140,DS17,576100898c26d65b2827cbbc401a277151a9acf9+uncommitted-corpus-build,ACTIVE
DS17-GEN-1142,DS17,576100898c26d65b2827cbbc401a277151a9acf9+uncommitted-corpus-build,ACTIVE
DS17-GEN-1143,DS17,576100898c26d65b2827cbbc401a277151a9acf9+uncommitted-corpus-build,ACTIVE
DS17-GEN-1145,DS17,576100898c26d65b2827cbbc401a277151a9acf9+uncommitted-corpus-build,ACTIVE
DS17-GEN-1146,DS17,576100898c26d65b2827cbbc401a277151a9acf9+uncommitted-corpus-build,ACTIVE
DS17-GEN-1147,DS17,576100898c26d65b2827cbbc401a277151a9acf9+uncommitted-corpus-build,ACTIVE
DS17-GEN-1148,DS17,576100898c26d65b2827cbbc401a277151a9acf9+uncommitted-corpus-build,ACTIVE
DS17-GEN-1150,DS17,576100898c26d65b2827cbbc401a277151a9acf9+uncommitted-corpus-build,ACTIVE
DS17-GEN-1152,DS17,576100898c26d65b2827cbbc401a277151a9acf9+uncommitted-corpus-build,ACTIVE
DS17-GEN-1153,DS17,576100898c26d65b2827cbbc401a277151a9acf9+uncommitted-corpus-build,ACTIVE
DS17-GEN-1155,DS17,576100898c26d65b2827cbbc401a277151a9acf9+uncommitted-corpus-build,ACTIVE
DS17-GEN-1156,DS17,576100898c26d65b2827cbbc401a277151a9acf9+uncommitted-corpus-build,ACTIVE
DS17-GEN-1157,DS17,576100898c26d65b2827cbbc401a277151a9acf9+uncommitted-corpus-build,ACTIVE
DS17-GEN-1158,DS17,576100898c26d65b2827cbbc401a277151a9acf9+uncommitted-corpus-build,ACTIVE
DS17-GEN-1159,DS17,576100898c26d65b2827cbbc401a277151a9acf9+uncommitted-corpus-build,ACTIVE
DS17-GEN-1161,DS17,576100898c26d65b2827cbbc401a277151a9acf9+uncommitted-corpus-build,ACTIVE
DS17-GEN-1165,DS17,576100898c26d65b2827cbbc401a277151a9acf9+uncommitted-corpus-build,ACTIVE
DS17-GEN-1167,DS17,576100898c26d65b2827cbbc401a277151a9acf9+uncommitted-corpus-build,ACTIVE
DS17-GEN-1168,DS17,576100898c26d65b2827cbbc401a277151a9acf9+uncommitted-corpus-build,ACTIVE
DS17-GEN-1170,DS17,576100898c26d65b2827cbbc401a277151a9acf9+uncommitted-corpus-build,ACTIVE
DS17-GEN-1172,DS17,576100898c26d65b2827cbbc401a277151a9acf9+uncommitted-corpus-build,ACTIVE
DS17-GEN-1173,DS17,576100898c26d65b2827cbbc401a277151a9acf9+uncommitted-corpus-build,ACTIVE
DS17-GEN-1175,DS17,576100898c26d65b2827cbbc401a277151a9acf9+uncommitted-corpus-build,ACTIVE
DS17-GEN-1177,DS17,576100898c26d65b2827cbbc401a277151a9acf9+uncommitted-corpus-build,ACTIVE
DS17-GEN-1178,DS17,576100898c26d65b2827cbbc401a277151a9acf9+uncommitted-corpus-build,ACTIVE
DS17-GEN-1179,DS17,576100898c26d65b2827cbbc401a277151a9acf9+uncommitted-corpus-build,ACTIVE
DS17-GEN-1180,DS17,576100898c26d65b2827cbbc401a277151a9acf9+uncommitted-corpus-build,ACTIVE
DS17-GEN-1181,DS17,576100898c26d65b2827cbbc401a277151a9acf9+uncommitted-corpus-build,ACTIVE
DS17-GEN-1183,DS17,576100898c26d65b2827cbbc401a277151a9acf9+uncommitted-corpus-build,ACTIVE
DS17-GEN-1184,DS17,576100898c26d65b2827cbbc401a277151a9acf9+uncommitted-corpus-build,ACTIVE
DS17-GEN-1186,DS17,576100898c26d65b2827cbbc401a277151a9acf9+uncommitted-corpus-build,ACTIVE
DS17-GEN-1187,DS17,576100898c26d65b2827cbbc401a277151a9acf9+uncommitted-corpus-build,ACTIVE
DS17-GEN-1188,DS17,576100898c26d65b2827cbbc401a277151a9acf9+uncommitted-corpus-build,ACTIVE
DS17-GEN-1190,DS17,576100898c26d65b2827cbbc401a277151a9acf9+uncommitted-corpus-build,ACTIVE
DS17-GEN-1192,DS17,576100898c26d65b2827cbbc401a277151a9acf9+uncommitted-corpus-build,ACTIVE
DS17-GEN-1193,DS17,576100898c26d65b2827cbbc401a277151a9acf9+uncommitted-corpus-build,ACTIVE
DS17-GEN-1195,DS17,576100898c26d65b2827cbbc401a277151a9acf9+uncommitted-corpus-build,ACTIVE
DS17-GEN-1197,DS17,576100898c26d65b2827cbbc401a277151a9acf9+uncommitted-corpus-build,ACTIVE
DS17-GEN-1199,DS17,576100898c26d65b2827cbbc401a277151a9acf9+uncommitted-corpus-build,ACTIVE
DS17-GEN-1200,DS17,576100898c26d65b2827cbbc401a277151a9acf9+uncommitted-corpus-build,ACTIVE
DS17-GEN-1202,DS17,576100898c26d65b2827cbbc401a277151a9acf9+uncommitted-corpus-build,ACTIVE
DS17-GEN-1204,DS17,576100898c26d65b2827cbbc401a277151a9acf9+uncommitted-corpus-build,ACTIVE
DS17-GEN-1206,DS17,576100898c26d65b2827cbbc401a277151a9acf9+uncommitted-corpus-build,ACTIVE
DS17-GEN-1208,DS17,576100898c26d65b2827cbbc401a277151a9acf9+uncommitted-corpus-build,ACTIVE
DS17-GEN-1209,DS17,576100898c26d65b2827cbbc401a277151a9acf9+uncommitted-corpus-build,ACTIVE
DS17-GEN-1211,DS17,576100898c26d65b2827cbbc401a277151a9acf9+uncommitted-corpus-build,ACTIVE
DS17-GEN-1213,DS17,576100898c26d65b2827cbbc401a277151a9acf9+uncommitted-corpus-build,ACTIVE
DS17-GEN-1215,DS17,576100898c26d65b2827cbbc401a277151a9acf9+uncommitted-corpus-build,ACTIVE
DS17-GEN-1217,DS17,576100898c26d65b2827cbbc401a277151a9acf9+uncommitted-corpus-build,ACTIVE
DS17-GEN-1218,DS17,576100898c26d65b2827cbbc401a277151a9acf9+uncommitted-corpus-build,ACTIVE
DS17-GEN-1220,DS17,576100898c26d65b2827cbbc401a277151a9acf9+uncommitted-corpus-build,ACTIVE
DS17-GEN-1221,DS17,576100898c26d65b2827cbbc401a277151a9acf9+uncommitted-corpus-build,ACTIVE
DS17-GEN-1223,DS17,576100898c26d65b2827cbbc401a277151a9acf9+uncommitted-corpus-build,ACTIVE
DS17-GEN-1224,DS17,576100898c26d65b2827cbbc401a277151a9acf9+uncommitted-corpus-build,ACTIVE
DS17-GEN-1226,DS17,576100898c26d65b2827cbbc401a277151a9acf9+uncommitted-corpus-build,ACTIVE
DS17-GEN-1227,DS17,576100898c26d65b2827cbbc401a277151a9acf9+uncommitted-corpus-build,ACTIVE
DS17-GEN-1229,DS17,576100898c26d65b2827cbbc401a277151a9acf9+uncommitted-corpus-build,ACTIVE
DS17-GEN-1230,DS17,576100898c26d65b2827cbbc401a277151a9acf9+uncommitted-corpus-build,ACTIVE
DS17-GEN-1232,DS17,576100898c26d65b2827cbbc401a277151a9acf9+uncommitted-corpus-build,ACTIVE
DS17-GEN-1233,DS17,576100898c26d65b2827cbbc401a277151a9acf9+uncommitted-corpus-build,ACTIVE
DS17-GEN-1234,DS17,576100898c26d65b2827cbbc401a277151a9acf9+uncommitted-corpus-build,ACTIVE
DS17-GEN-1236,DS17,576100898c26d65b2827cbbc401a277151a9acf9+uncommitted-corpus-build,ACTIVE
DS17-GEN-1238,DS17,576100898c26d65b2827cbbc401a277151a9acf9+uncommitted-corpus-build,ACTIVE
DS17-GEN-1239,DS17,576100898c26d65b2827cbbc401a277151a9acf9+uncommitted-corpus-build,ACTIVE
DS17-GEN-1241,DS17,576100898c26d65b2827cbbc401a277151a9acf9+uncommitted-corpus-build,ACTIVE
DS17-GEN-1242,DS17,576100898c26d65b2827cbbc401a277151a9acf9+uncommitted-corpus-build,ACTIVE
DS17-GEN-1244,DS17,576100898c26d65b2827cbbc401a277151a9acf9+uncommitted-corpus-build,ACTIVE
DS17-GEN-1246,DS17,576100898c26d65b2827cbbc401a277151a9acf9+uncommitted-corpus-build,ACTIVE
DS17-GEN-1247,DS17,576100898c26d65b2827cbbc401a277151a9acf9+uncommitted-corpus-build,ACTIVE
DS17-GEN-1249,DS17,576100898c26d65b2827cbbc401a277151a9acf9+uncommitted-corpus-build,ACTIVE
DS17-GEN-1251,DS17,576100898c26d65b2827cbbc401a277151a9acf9+uncommitted-corpus-build,ACTIVE
DS17-GEN-1255,DS17,576100898c26d65b2827cbbc401a277151a9acf9+uncommitted-corpus-build,ACTIVE
DS17-GEN-1257,DS17,576100898c26d65b2827cbbc401a277151a9acf9+uncommitted-corpus-build,ACTIVE
DS17-GEN-1258,DS17,576100898c26d65b2827cbbc401a277151a9acf9+uncommitted-corpus-build,ACTIVE
DS17-GEN-1260,DS17,576100898c26d65b2827cbbc401a277151a9acf9+uncommitted-corpus-build,ACTIVE
DS17-GEN-1262,DS17,576100898c26d65b2827cbbc401a277151a9acf9+uncommitted-corpus-build,ACTIVE
DS17-GEN-1264,DS17,576100898c26d65b2827cbbc401a277151a9acf9+uncommitted-corpus-build,ACTIVE
DS17-GEN-1265,DS17,576100898c26d65b2827cbbc401a277151a9acf9+uncommitted-corpus-build,ACTIVE
DS17-GEN-1267,DS17,576100898c26d65b2827cbbc401a277151a9acf9+uncommitted-corpus-build,ACTIVE
DS17-GEN-1269,DS17,576100898c26d65b2827cbbc401a277151a9acf9+uncommitted-corpus-build,ACTIVE
DS17-GEN-1270,DS17,576100898c26d65b2827cbbc401a277151a9acf9+uncommitted-corpus-build,ACTIVE
DS17-GEN-1272,DS17,576100898c26d65b2827cbbc401a277151a9acf9+uncommitted-corpus-build,ACTIVE
DS17-GEN-1274,DS17,576100898c26d65b2827cbbc401a277151a9acf9+uncommitted-corpus-build,ACTIVE
DS17-GEN-1275,DS17,576100898c26d65b2827cbbc401a277151a9acf9+uncommitted-corpus-build,ACTIVE
DS17-GEN-1276,DS17,576100898c26d65b2827cbbc401a277151a9acf9+uncommitted-corpus-build,ACTIVE
DS17-GEN-1277,DS17,576100898c26d65b2827cbbc401a277151a9acf9+uncommitted-corpus-build,ACTIVE
DS17-GEN-1278,DS17,576100898c26d65b2827cbbc401a277151a9acf9+uncommitted-corpus-build,ACTIVE
DS17-GEN-1280,DS17,576100898c26d65b2827cbbc401a277151a9acf9+uncommitted-corpus-build,ACTIVE
DS17-GEN-1282,DS17,576100898c26d65b2827cbbc401a277151a9acf9+uncommitted-corpus-build,ACTIVE
DS17-GEN-1283,DS17,576100898c26d65b2827cbbc401a277151a9acf9+uncommitted-corpus-build,ACTIVE
DS17-GEN-1284,DS17,576100898c26d65b2827cbbc401a277151a9acf9+uncommitted-corpus-build,ACTIVE
DS17-GEN-1286,DS17,576100898c26d65b2827cbbc401a277151a9acf9+uncommitted-corpus-build,ACTIVE
DS17-GEN-1287,DS17,576100898c26d65b2827cbbc401a277151a9acf9+uncommitted-corpus-build,ACTIVE
DS17-GEN-1289,DS17,576100898c26d65b2827cbbc401a277151a9acf9+uncommitted-corpus-build,ACTIVE
DS17-GEN-1290,DS17,576100898c26d65b2827cbbc401a277151a9acf9+uncommitted-corpus-build,ACTIVE
DS17-GEN-1292,DS17,576100898c26d65b2827cbbc401a277151a9acf9+uncommitted-corpus-build,ACTIVE
DS17-GEN-1294,DS17,576100898c26d65b2827cbbc401a277151a9acf9+uncommitted-corpus-build,ACTIVE
DS17-GEN-1295,DS17,576100898c26d65b2827cbbc401a277151a9acf9+uncommitted-corpus-build,ACTIVE
DS17-GEN-1297,DS17,576100898c26d65b2827cbbc401a277151a9acf9+uncommitted-corpus-build,ACTIVE
DS17-GEN-1298,DS17,576100898c26d65b2827cbbc401a277151a9acf9+uncommitted-corpus-build,ACTIVE
DS17-GEN-1299,DS17,576100898c26d65b2827cbbc401a277151a9acf9+uncommitted-corpus-build,ACTIVE
DS17-GEN-1302,DS17,576100898c26d65b2827cbbc401a277151a9acf9+uncommitted-corpus-build,ACTIVE
DS17-GEN-1304,DS17,576100898c26d65b2827cbbc401a277151a9acf9+uncommitted-corpus-build,ACTIVE
DS17-GEN-1305,DS17,576100898c26d65b2827cbbc401a277151a9acf9+uncommitted-corpus-build,ACTIVE
DS17-GEN-1307,DS17,576100898c26d65b2827cbbc401a277151a9acf9+uncommitted-corpus-build,ACTIVE
DS17-GEN-1309,DS17,576100898c26d65b2827cbbc401a277151a9acf9+uncommitted-corpus-build,ACTIVE
DS17-GEN-1311,DS17,576100898c26d65b2827cbbc401a277151a9acf9+uncommitted-corpus-build,ACTIVE
DS17-GEN-1313,DS17,576100898c26d65b2827cbbc401a277151a9acf9+uncommitted-corpus-build,ACTIVE
DS17-GEN-1315,DS17,576100898c26d65b2827cbbc401a277151a9acf9+uncommitted-corpus-build,ACTIVE
DS17-GEN-1317,DS17,576100898c26d65b2827cbbc401a277151a9acf9+uncommitted-corpus-build,ACTIVE
DS17-GEN-1319,DS17,576100898c26d65b2827cbbc401a277151a9acf9+uncommitted-corpus-build,ACTIVE
DS17-GEN-1320,DS17,576100898c26d65b2827cbbc401a277151a9acf9+uncommitted-corpus-build,ACTIVE
DS17-GEN-1322,DS17,576100898c26d65b2827cbbc401a277151a9acf9+uncommitted-corpus-build,ACTIVE
DS17-GEN-1324,DS17,576100898c26d65b2827cbbc401a277151a9acf9+uncommitted-corpus-build,ACTIVE
DS17-GEN-1325,DS17,576100898c26d65b2827cbbc401a277151a9acf9+uncommitted-corpus-build,ACTIVE
DS17-GEN-1326,DS17,576100898c26d65b2827cbbc401a277151a9acf9+uncommitted-corpus-build,ACTIVE
DS17-GEN-1328,DS17,576100898c26d65b2827cbbc401a277151a9acf9+uncommitted-corpus-build,ACTIVE
DS17-GEN-1330,DS17,576100898c26d65b2827cbbc401a277151a9acf9+uncommitted-corpus-build,ACTIVE
GDPR260127-20260127-0001,GDPR260127,576100898c26d65b2827cbbc401a277151a9acf9+uncommitted-corpus-build,ACTIVE
GDPR260127-20260127-0003,GDPR260127,576100898c26d65b2827cbbc401a277151a9acf9+uncommitted-corpus-build,ACTIVE
GDPR260127-20260127-0004,GDPR260127,576100898c26d65b2827cbbc401a277151a9acf9+uncommitted-corpus-build,ACTIVE
GDPR260127-20260127-0005,GDPR260127,576100898c26d65b2827cbbc401a277151a9acf9+uncommitted-corpus-build,ACTIVE
GDPR260127-20260127-0006,GDPR260127,576100898c26d65b2827cbbc401a277151a9acf9+uncommitted-corpus-build,ACTIVE
GDPR260127-20260127-0007,GDPR260127,576100898c26d65b2827cbbc401a277151a9acf9+uncommitted-corpus-build,ACTIVE
GDPR260127-20260127-0008,GDPR260127,576100898c26d65b2827cbbc401a277151a9acf9+uncommitted-corpus-build,ACTIVE
GDPR260127-20260127-0009,GDPR260127,576100898c26d65b2827cbbc401a277151a9acf9+uncommitted-corpus-build,ACTIVE
GDPR260127-20260127-0011,GDPR260127,576100898c26d65b2827cbbc401a277151a9acf9+uncommitted-corpus-build,ACTIVE
GDPR260127-20260127-0013,GDPR260127,576100898c26d65b2827cbbc401a277151a9acf9+uncommitted-corpus-build,ACTIVE
GDPR260127-20260127-0015,GDPR260127,576100898c26d65b2827cbbc401a277151a9acf9+uncommitted-corpus-build,ACTIVE
GDPR260127-20260127-0017,GDPR260127,576100898c26d65b2827cbbc401a277151a9acf9+uncommitted-corpus-build,ACTIVE
GDPR260127-20260127-0019,GDPR260127,576100898c26d65b2827cbbc401a277151a9acf9+uncommitted-corpus-build,ACTIVE
GDPR260127-20260127-0021,GDPR260127,576100898c26d65b2827cbbc401a277151a9acf9+uncommitted-corpus-build,ACTIVE
GDPRACK250714-20250714-0001,GDPRACK250714,576100898c26d65b2827cbbc401a277151a9acf9+uncommitted-corpus-build,ACTIVE
GDPRACK250714-20250714-0003,GDPRACK250714,576100898c26d65b2827cbbc401a277151a9acf9+uncommitted-corpus-build,ACTIVE
GDPRACK250714-20250714-0004,GDPRACK250714,576100898c26d65b2827cbbc401a277151a9acf9+uncommitted-corpus-build,ACTIVE
GDPRACK250714-20250714-0005,GDPRACK250714,576100898c26d65b2827cbbc401a277151a9acf9+uncommitted-corpus-build,ACTIVE
GDPRACK250714-20250714-0006,GDPRACK250714,576100898c26d65b2827cbbc401a277151a9acf9+uncommitted-corpus-build,ACTIVE
GDPRACK250714-20250714-0008,GDPRACK250714,576100898c26d65b2827cbbc401a277151a9acf9+uncommitted-corpus-build,ACTIVE
GDPRACK250714-20250714-0010,GDPRACK250714,576100898c26d65b2827cbbc401a277151a9acf9+uncommitted-corpus-build,ACTIVE
GDPRACK250714-20250714-0012,GDPRACK250714,576100898c26d65b2827cbbc401a277151a9acf9+uncommitted-corpus-build,ACTIVE
GDPRACK250714-20250714-0013,GDPRACK250714,576100898c26d65b2827cbbc401a277151a9acf9+uncommitted-corpus-build,ACTIVE
GDPRACK250714-20250714-0015,GDPRACK250714,576100898c26d65b2827cbbc401a277151a9acf9+uncommitted-corpus-build,ACTIVE
GDPRACK250714-20250714-0017,GDPRACK250714,576100898c26d65b2827cbbc401a277151a9acf9+uncommitted-corpus-build,ACTIVE
GDPRACK250714-20250714-0019,GDPRACK250714,576100898c26d65b2827cbbc401a277151a9acf9+uncommitted-corpus-build,ACTIVE
GDPRACK250714-20250714-0021,GDPRACK250714,576100898c26d65b2827cbbc401a277151a9acf9+uncommitted-corpus-build,ACTIVE
GDPRACK250714-20250714-0023,GDPRACK250714,576100898c26d65b2827cbbc401a277151a9acf9+uncommitted-corpus-build,ACTIVE
GDPRACK250714-20250714-0025,GDPRACK250714,576100898c26d65b2827cbbc401a277151a9acf9+uncommitted-corpus-build,ACTIVE
GDPRACK250714-20250714-0027,GDPRACK250714,576100898c26d65b2827cbbc401a277151a9acf9+uncommitted-corpus-build,ACTIVE
GP17POD-20170706-0001,GP17POD,576100898c26d65b2827cbbc401a277151a9acf9+uncommitted-corpus-build,ACTIVE
GP17POD-20170706-0003,GP17POD,576100898c26d65b2827cbbc401a277151a9acf9+uncommitted-corpus-build,ACTIVE
GP17POD-20170706-0004,GP17POD,576100898c26d65b2827cbbc401a277151a9acf9+uncommitted-corpus-build,ACTIVE
GP17POD-20170706-0005,GP17POD,576100898c26d65b2827cbbc401a277151a9acf9+uncommitted-corpus-build,ACTIVE
GP17POD-20170706-0006,GP17POD,576100898c26d65b2827cbbc401a277151a9acf9+uncommitted-corpus-build,ACTIVE
GP17POD-20170706-0007,GP17POD,576100898c26d65b2827cbbc401a277151a9acf9+uncommitted-corpus-build,ACTIVE
GP17POD-20170706-0009,GP17POD,576100898c26d65b2827cbbc401a277151a9acf9+uncommitted-corpus-build,ACTIVE
GP17POD-20170706-0011,GP17POD,576100898c26d65b2827cbbc401a277151a9acf9+uncommitted-corpus-build,ACTIVE
GP17POD-20170706-0013,GP17POD,576100898c26d65b2827cbbc401a277151a9acf9+uncommitted-corpus-build,ACTIVE
GP17POD-20170706-0015,GP17POD,576100898c26d65b2827cbbc401a277151a9acf9+uncommitted-corpus-build,ACTIVE
GP17POD-20170706-0017,GP17POD,576100898c26d65b2827cbbc401a277151a9acf9+uncommitted-corpus-build,ACTIVE
GP17POD-20170706-0019,GP17POD,576100898c26d65b2827cbbc401a277151a9acf9+uncommitted-corpus-build,ACTIVE
GP17POD-20170706-0021,GP17POD,576100898c26d65b2827cbbc401a277151a9acf9+uncommitted-corpus-build,ACTIVE
GP17POD-20170706-0022,GP17POD,576100898c26d65b2827cbbc401a277151a9acf9+uncommitted-corpus-build,ACTIVE
GP17POD-20170706-0023,GP17POD,576100898c26d65b2827cbbc401a277151a9acf9+uncommitted-corpus-build,ACTIVE
GP17POD-20170706-0024,GP17POD,576100898c26d65b2827cbbc401a277151a9acf9+uncommitted-corpus-build,ACTIVE
GP17POD-20170706-0026,GP17POD,576100898c26d65b2827cbbc401a277151a9acf9+uncommitted-corpus-build,ACTIVE
GP17REF-20170629-0030,GP17REF,576100898c26d65b2827cbbc401a277151a9acf9+uncommitted-corpus-build,ACTIVE
GP17REF-20170629-0031,GP17REF,576100898c26d65b2827cbbc401a277151a9acf9+uncommitted-corpus-build,ACTIVE
GP17REF-20170629-0033,GP17REF,576100898c26d65b2827cbbc401a277151a9acf9+uncommitted-corpus-build,ACTIVE
GP17REF-20170629-0034,GP17REF,576100898c26d65b2827cbbc401a277151a9acf9+uncommitted-corpus-build,ACTIVE
GP17REF-20170629-0035,GP17REF,576100898c26d65b2827cbbc401a277151a9acf9+uncommitted-corpus-build,ACTIVE
GP17REF-20170629-0037,GP17REF,576100898c26d65b2827cbbc401a277151a9acf9+uncommitted-corpus-build,ACTIVE
GP17REF-20170629-0039,GP17REF,576100898c26d65b2827cbbc401a277151a9acf9+uncommitted-corpus-build,ACTIVE
GP17REF-20170629-0041,GP17REF,576100898c26d65b2827cbbc401a277151a9acf9+uncommitted-corpus-build,ACTIVE
GP17REF-20170629-0043,GP17REF,576100898c26d65b2827cbbc401a277151a9acf9+uncommitted-corpus-build,ACTIVE
GP17REF-20170629-0045,GP17REF,576100898c26d65b2827cbbc401a277151a9acf9+uncommitted-corpus-build,ACTIVE
GP17REF-20170629-0047,GP17REF,576100898c26d65b2827cbbc401a277151a9acf9+uncommitted-corpus-build,ACTIVE
GP17REF-20170629-0049,GP17REF,576100898c26d65b2827cbbc401a277151a9acf9+uncommitted-corpus-build,ACTIVE
GP17REF-20170629-0050,GP17REF,576100898c26d65b2827cbbc401a277151a9acf9+uncommitted-corpus-build,ACTIVE
GP17REF-20170629-0051,GP17REF,576100898c26d65b2827cbbc401a277151a9acf9+uncommitted-corpus-build,ACTIVE
GP17REF-20170629-0052,GP17REF,576100898c26d65b2827cbbc401a277151a9acf9+uncommitted-corpus-build,ACTIVE
GP17REF-20170629-0053,GP17REF,576100898c26d65b2827cbbc401a277151a9acf9+uncommitted-corpus-build,ACTIVE
GP17REF-20170629-0055,GP17REF,576100898c26d65b2827cbbc401a277151a9acf9+uncommitted-corpus-build,ACTIVE
GP17REF-20170629-0057,GP17REF,576100898c26d65b2827cbbc401a277151a9acf9+uncommitted-corpus-build,ACTIVE
GP17REF-20170629-0059,GP17REF,576100898c26d65b2827cbbc401a277151a9acf9+uncommitted-corpus-build,ACTIVE
GP17REF-20170629-0060,GP17REF,576100898c26d65b2827cbbc401a277151a9acf9+uncommitted-corpus-build,ACTIVE
GP17REF-20170629-0061,GP17REF,576100898c26d65b2827cbbc401a277151a9acf9+uncommitted-corpus-build,ACTIVE
GP17REF-20170629-0063,GP17REF,576100898c26d65b2827cbbc401a277151a9acf9+uncommitted-corpus-build,ACTIVE
GP17REF-20170629-0065,GP17REF,576100898c26d65b2827cbbc401a277151a9acf9+uncommitted-corpus-build,ACTIVE
GP17REF-20170629-0066,GP17REF,576100898c26d65b2827cbbc401a277151a9acf9+uncommitted-corpus-build,ACTIVE
GP17REF-20170629-0067,GP17REF,576100898c26d65b2827cbbc401a277151a9acf9+uncommitted-corpus-build,ACTIVE
GP17REF-20170629-0068,GP17REF,576100898c26d65b2827cbbc401a277151a9acf9+uncommitted-corpus-build,ACTIVE
GP17REF-20170629-0069,GP17REF,576100898c26d65b2827cbbc401a277151a9acf9+uncommitted-corpus-build,ACTIVE
GP17REF-20170629-0070,GP17REF,576100898c26d65b2827cbbc401a277151a9acf9+uncommitted-corpus-build,ACTIVE
GP17REF-20170629-0071,GP17REF,576100898c26d65b2827cbbc401a277151a9acf9+uncommitted-corpus-build,ACTIVE
GP17REF-20170629-0074,GP17REF,576100898c26d65b2827cbbc401a277151a9acf9+uncommitted-corpus-build,ACTIVE
GP17REF-20170629-0076,GP17REF,576100898c26d65b2827cbbc401a277151a9acf9+uncommitted-corpus-build,ACTIVE
GP17REF-20170629-0077,GP17REF,576100898c26d65b2827cbbc401a277151a9acf9+uncommitted-corpus-build,ACTIVE
GP17REF-20170629-0078,GP17REF,576100898c26d65b2827cbbc401a277151a9acf9+uncommitted-corpus-build,ACTIVE
GP17REF-20170629-0079,GP17REF,576100898c26d65b2827cbbc401a277151a9acf9+uncommitted-corpus-build,ACTIVE
GP17REF-20170629-0080,GP17REF,576100898c26d65b2827cbbc401a277151a9acf9+uncommitted-corpus-build,ACTIVE
GP17REF-20170629-0081,GP17REF,576100898c26d65b2827cbbc401a277151a9acf9+uncommitted-corpus-build,ACTIVE
GP17REF-20170629-0082,GP17REF,576100898c26d65b2827cbbc401a277151a9acf9+uncommitted-corpus-build,ACTIVE
GP17REF-20170629-0084,GP17REF,576100898c26d65b2827cbbc401a277151a9acf9+uncommitted-corpus-build,ACTIVE
GP17REF-20170629-0085,GP17REF,576100898c26d65b2827cbbc401a277151a9acf9+uncommitted-corpus-build,ACTIVE
GP17REF-20170629-0087,GP17REF,576100898c26d65b2827cbbc401a277151a9acf9+uncommitted-corpus-build,ACTIVE
GP17REF-20170629-0089,GP17REF,576100898c26d65b2827cbbc401a277151a9acf9+uncommitted-corpus-build,ACTIVE
GP17REF-20170629-0090,GP17REF,576100898c26d65b2827cbbc401a277151a9acf9+uncommitted-corpus-build,ACTIVE
GP17REF-20170629-0091,GP17REF,576100898c26d65b2827cbbc401a277151a9acf9+uncommitted-corpus-build,ACTIVE
GP17REF-20170629-0092,GP17REF,576100898c26d65b2827cbbc401a277151a9acf9+uncommitted-corpus-build,ACTIVE
GP17REF-20170629-0093,GP17REF,576100898c26d65b2827cbbc401a277151a9acf9+uncommitted-corpus-build,ACTIVE
GP17REF-20170629-0095,GP17REF,576100898c26d65b2827cbbc401a277151a9acf9+uncommitted-corpus-build,ACTIVE
GP17REF-20170629-0096,GP17REF,576100898c26d65b2827cbbc401a277151a9acf9+uncommitted-corpus-build,ACTIVE
GP17REF-20170629-0097,GP17REF,576100898c26d65b2827cbbc401a277151a9acf9+uncommitted-corpus-build,ACTIVE
GP17REF-20170629-0102,GP17REF,576100898c26d65b2827cbbc401a277151a9acf9+uncommitted-corpus-build,ACTIVE
GP17REF-20170629-0103,GP17REF,576100898c26d65b2827cbbc401a277151a9acf9+uncommitted-corpus-build,ACTIVE
GP17REF-20170629-0105,GP17REF,576100898c26d65b2827cbbc401a277151a9acf9+uncommitted-corpus-build,ACTIVE
GP17REF-20170629-0110,GP17REF,576100898c26d65b2827cbbc401a277151a9acf9+uncommitted-corpus-build,ACTIVE
GP17REF-20170629-0111,GP17REF,576100898c26d65b2827cbbc401a277151a9acf9+uncommitted-corpus-build,ACTIVE
GP17REF-20170629-0112,GP17REF,576100898c26d65b2827cbbc401a277151a9acf9+uncommitted-corpus-build,ACTIVE
GP17REF-20170629-0113,GP17REF,576100898c26d65b2827cbbc401a277151a9acf9+uncommitted-corpus-build,ACTIVE
GP17REF-20170629-0115,GP17REF,576100898c26d65b2827cbbc401a277151a9acf9+uncommitted-corpus-build,ACTIVE
GP17REF-20170629-0117,GP17REF,576100898c26d65b2827cbbc401a277151a9acf9+uncommitted-corpus-build,ACTIVE
GP17REF-20170629-0118,GP17REF,576100898c26d65b2827cbbc401a277151a9acf9+uncommitted-corpus-build,ACTIVE
GP17REF-20170629-0120,GP17REF,576100898c26d65b2827cbbc401a277151a9acf9+uncommitted-corpus-build,ACTIVE
GP17REF-20170629-0121,GP17REF,576100898c26d65b2827cbbc401a277151a9acf9+uncommitted-corpus-build,ACTIVE
GP17REF-20170629-0124,GP17REF,576100898c26d65b2827cbbc401a277151a9acf9+uncommitted-corpus-build,ACTIVE
GP17REF-20170629-0126,GP17REF,576100898c26d65b2827cbbc401a277151a9acf9+uncommitted-corpus-build,ACTIVE
GP17REF-20170629-0127,GP17REF,576100898c26d65b2827cbbc401a277151a9acf9+uncommitted-corpus-build,ACTIVE
GP17REF-20170629-0128,GP17REF,576100898c26d65b2827cbbc401a277151a9acf9+uncommitted-corpus-build,ACTIVE
GP17REF-20170629-0131,GP17REF,576100898c26d65b2827cbbc401a277151a9acf9+uncommitted-corpus-build,ACTIVE
GP17REF-20170629-0134,GP17REF,576100898c26d65b2827cbbc401a277151a9acf9+uncommitted-corpus-build,ACTIVE
HEALY17-20170912-0001,HEALY17,576100898c26d65b2827cbbc401a277151a9acf9+uncommitted-corpus-build,ACTIVE
HEALY17-20170912-0003,HEALY17,576100898c26d65b2827cbbc401a277151a9acf9+uncommitted-corpus-build,ACTIVE
HEALY17-20170912-0004,HEALY17,576100898c26d65b2827cbbc401a277151a9acf9+uncommitted-corpus-build,ACTIVE
HEALY17-20170912-0005,HEALY17,576100898c26d65b2827cbbc401a277151a9acf9+uncommitted-corpus-build,ACTIVE
HEALY17-20170912-0006,HEALY17,576100898c26d65b2827cbbc401a277151a9acf9+uncommitted-corpus-build,ACTIVE
HEALY17-20170912-0007,HEALY17,576100898c26d65b2827cbbc401a277151a9acf9+uncommitted-corpus-build,ACTIVE
HEALY17-20170912-0008,HEALY17,576100898c26d65b2827cbbc401a277151a9acf9+uncommitted-corpus-build,ACTIVE
HEALY17-20170912-0010,HEALY17,576100898c26d65b2827cbbc401a277151a9acf9+uncommitted-corpus-build,ACTIVE
HEALY17-20170912-0012,HEALY17,576100898c26d65b2827cbbc401a277151a9acf9+uncommitted-corpus-build,ACTIVE
HEALY17-20170912-0014,HEALY17,576100898c26d65b2827cbbc401a277151a9acf9+uncommitted-corpus-build,ACTIVE
HEALY17-20170912-0016,HEALY17,576100898c26d65b2827cbbc401a277151a9acf9+uncommitted-corpus-build,ACTIVE
HEALY17-20170912-0018,HEALY17,576100898c26d65b2827cbbc401a277151a9acf9+uncommitted-corpus-build,ACTIVE
HEALY17-20170912-0020,HEALY17,576100898c26d65b2827cbbc401a277151a9acf9+uncommitted-corpus-build,ACTIVE
HEALY17-20170912-0022,HEALY17,576100898c26d65b2827cbbc401a277151a9acf9+uncommitted-corpus-build,ACTIVE
HEALY17-20170912-0024,HEALY17,576100898c26d65b2827cbbc401a277151a9acf9+uncommitted-corpus-build,ACTIVE
HEALY17-20170912-0026,HEALY17,576100898c26d65b2827cbbc401a277151a9acf9+uncommitted-corpus-build,ACTIVE
HEALY17-20170912-0028,HEALY17,576100898c26d65b2827cbbc401a277151a9acf9+uncommitted-corpus-build,ACTIVE
HEALY17-20170912-0030,HEALY17,576100898c26d65b2827cbbc401a277151a9acf9+uncommitted-corpus-build,ACTIVE
HEALY17-20170912-0032,HEALY17,576100898c26d65b2827cbbc401a277151a9acf9+uncommitted-corpus-build,ACTIVE
HEALY17-20170912-0033,HEALY17,576100898c26d65b2827cbbc401a277151a9acf9+uncommitted-corpus-build,ACTIVE
HEALY17-20170912-0035,HEALY17,576100898c26d65b2827cbbc401a277151a9acf9+uncommitted-corpus-build,ACTIVE
HEALY17-20170912-0037,HEALY17,576100898c26d65b2827cbbc401a277151a9acf9+uncommitted-corpus-build,ACTIVE
HEALY17-20170912-0039,HEALY17,576100898c26d65b2827cbbc401a277151a9acf9+uncommitted-corpus-build,ACTIVE
HEALY17-20170912-0041,HEALY17,576100898c26d65b2827cbbc401a277151a9acf9+uncommitted-corpus-build,ACTIVE
HEALY17-20170912-0042,HEALY17,576100898c26d65b2827cbbc401a277151a9acf9+uncommitted-corpus-build,ACTIVE
HEALY17-20170912-0043,HEALY17,576100898c26d65b2827cbbc401a277151a9acf9+uncommitted-corpus-build,ACTIVE
HEALY17-20170912-0044,HEALY17,576100898c26d65b2827cbbc401a277151a9acf9+uncommitted-corpus-build,ACTIVE
HEALY17-20170912-0045,HEALY17,576100898c26d65b2827cbbc401a277151a9acf9+uncommitted-corpus-build,ACTIVE
HEALY17-20170912-0046,HEALY17,576100898c26d65b2827cbbc401a277151a9acf9+uncommitted-corpus-build,ACTIVE
HEALY17-20170912-0048,HEALY17,576100898c26d65b2827cbbc401a277151a9acf9+uncommitted-corpus-build,ACTIVE
IMF250718-20250718-0001,IMF250718,576100898c26d65b2827cbbc401a277151a9acf9+uncommitted-corpus-build,ACTIVE
IMF250718-20250718-0003,IMF250718,576100898c26d65b2827cbbc401a277151a9acf9+uncommitted-corpus-build,ACTIVE
IMF250718-20250718-0004,IMF250718,576100898c26d65b2827cbbc401a277151a9acf9+uncommitted-corpus-build,ACTIVE
IMF250718-20250718-0005,IMF250718,576100898c26d65b2827cbbc401a277151a9acf9+uncommitted-corpus-build,ACTIVE
IMF250718-20250718-0006,IMF250718,576100898c26d65b2827cbbc401a277151a9acf9+uncommitted-corpus-build,ACTIVE
IMF250718-20250718-0007,IMF250718,576100898c26d65b2827cbbc401a277151a9acf9+uncommitted-corpus-build,ACTIVE
IMF250718-20250718-0008,IMF250718,576100898c26d65b2827cbbc401a277151a9acf9+uncommitted-corpus-build,ACTIVE
IMF250718-20250718-0009,IMF250718,576100898c26d65b2827cbbc401a277151a9acf9+uncommitted-corpus-build,ACTIVE
IMF250718-20250718-0010,IMF250718,576100898c26d65b2827cbbc401a277151a9acf9+uncommitted-corpus-build,ACTIVE
IMF250718-20250718-0012,IMF250718,576100898c26d65b2827cbbc401a277151a9acf9+uncommitted-corpus-build,ACTIVE
IMF250718-20250718-0014,IMF250718,576100898c26d65b2827cbbc401a277151a9acf9+uncommitted-corpus-build,ACTIVE
IMF250718-20250718-0016,IMF250718,576100898c26d65b2827cbbc401a277151a9acf9+uncommitted-corpus-build,ACTIVE
IMF250718-20250718-0018,IMF250718,576100898c26d65b2827cbbc401a277151a9acf9+uncommitted-corpus-build,ACTIVE
IMF250718-20250718-0020,IMF250718,576100898c26d65b2827cbbc401a277151a9acf9+uncommitted-corpus-build,ACTIVE
MAIL17-20171024-0001,MAIL17,576100898c26d65b2827cbbc401a277151a9acf9+uncommitted-corpus-build,ACTIVE
MAIL17-20171024-0003,MAIL17,576100898c26d65b2827cbbc401a277151a9acf9+uncommitted-corpus-build,ACTIVE
MAIL17-20171024-0004,MAIL17,576100898c26d65b2827cbbc401a277151a9acf9+uncommitted-corpus-build,ACTIVE
MAIL17-20171024-0005,MAIL17,576100898c26d65b2827cbbc401a277151a9acf9+uncommitted-corpus-build,ACTIVE
MAIL17-20171024-0006,MAIL17,576100898c26d65b2827cbbc401a277151a9acf9+uncommitted-corpus-build,ACTIVE
MAIL17-20171024-0007,MAIL17,576100898c26d65b2827cbbc401a277151a9acf9+uncommitted-corpus-build,ACTIVE
MAIL17-20171024-0008,MAIL17,576100898c26d65b2827cbbc401a277151a9acf9+uncommitted-corpus-build,ACTIVE
MAIL17-20171024-0010,MAIL17,576100898c26d65b2827cbbc401a277151a9acf9+uncommitted-corpus-build,ACTIVE
MAIL17-20171024-0012,MAIL17,576100898c26d65b2827cbbc401a277151a9acf9+uncommitted-corpus-build,ACTIVE
MAIL17-20171024-0014,MAIL17,576100898c26d65b2827cbbc401a277151a9acf9+uncommitted-corpus-build,ACTIVE
MAIL17-20171024-0016,MAIL17,576100898c26d65b2827cbbc401a277151a9acf9+uncommitted-corpus-build,ACTIVE
MAIL17-20171024-0018,MAIL17,576100898c26d65b2827cbbc401a277151a9acf9+uncommitted-corpus-build,ACTIVE
MAIL17-20171024-0020,MAIL17,576100898c26d65b2827cbbc401a277151a9acf9+uncommitted-corpus-build,ACTIVE
MAIL17-20171024-0022,MAIL17,576100898c26d65b2827cbbc401a277151a9acf9+uncommitted-corpus-build,ACTIVE
MAIL17-20171024-0024,MAIL17,576100898c26d65b2827cbbc401a277151a9acf9+uncommitted-corpus-build,ACTIVE
MAIL17-20171024-0026,MAIL17,576100898c26d65b2827cbbc401a277151a9acf9+uncommitted-corpus-build,ACTIVE
MAIL17-20171024-0027,MAIL17,576100898c26d65b2827cbbc401a277151a9acf9+uncommitted-corpus-build,ACTIVE
MAIL17-20171024-0029,MAIL17,576100898c26d65b2827cbbc401a277151a9acf9+uncommitted-corpus-build,ACTIVE
MAIL17-20171024-0031,MAIL17,576100898c26d65b2827cbbc401a277151a9acf9+uncommitted-corpus-build,ACTIVE
MAIL17-20171024-0032,MAIL17,576100898c26d65b2827cbbc401a277151a9acf9+uncommitted-corpus-build,ACTIVE
MAIL17-20171024-0034,MAIL17,576100898c26d65b2827cbbc401a277151a9acf9+uncommitted-corpus-build,ACTIVE
MAIL17-20171024-0036,MAIL17,576100898c26d65b2827cbbc401a277151a9acf9+uncommitted-corpus-build,ACTIVE
MAIL17-20171024-0037,MAIL17,576100898c26d65b2827cbbc401a277151a9acf9+uncommitted-corpus-build,ACTIVE
MAIL17-20171024-0039,MAIL17,576100898c26d65b2827cbbc401a277151a9acf9+uncommitted-corpus-build,ACTIVE
MAIL17-20171024-0040,MAIL17,576100898c26d65b2827cbbc401a277151a9acf9+uncommitted-corpus-build,ACTIVE
MAIL17-20171024-0042,MAIL17,576100898c26d65b2827cbbc401a277151a9acf9+uncommitted-corpus-build,ACTIVE
MAIL17-20171024-0043,MAIL17,576100898c26d65b2827cbbc401a277151a9acf9+uncommitted-corpus-build,ACTIVE
MAIL17-20171024-0045,MAIL17,576100898c26d65b2827cbbc401a277151a9acf9+uncommitted-corpus-build,ACTIVE
MAIL17-20171024-0047,MAIL17,576100898c26d65b2827cbbc401a277151a9acf9+uncommitted-corpus-build,ACTIVE
MCCOUN25-20250729-0001,MCCOUN25,576100898c26d65b2827cbbc401a277151a9acf9+uncommitted-corpus-build,ACTIVE
MCCOUN25-20250729-0003,MCCOUN25,576100898c26d65b2827cbbc401a277151a9acf9+uncommitted-corpus-build,ACTIVE
MCCOUN25-20250729-0004,MCCOUN25,576100898c26d65b2827cbbc401a277151a9acf9+uncommitted-corpus-build,ACTIVE
MCCOUN25-20250729-0005,MCCOUN25,576100898c26d65b2827cbbc401a277151a9acf9+uncommitted-corpus-build,ACTIVE
MCCOUN25-20250729-0006,MCCOUN25,576100898c26d65b2827cbbc401a277151a9acf9+uncommitted-corpus-build,ACTIVE
MCCOUN25-20250729-0007,MCCOUN25,576100898c26d65b2827cbbc401a277151a9acf9+uncommitted-corpus-build,ACTIVE
MCCOUN25-20250729-0008,MCCOUN25,576100898c26d65b2827cbbc401a277151a9acf9+uncommitted-corpus-build,ACTIVE
MCCOUN25-20250729-0009,MCCOUN25,576100898c26d65b2827cbbc401a277151a9acf9+uncommitted-corpus-build,ACTIVE
MCCOUN25-20250729-0011,MCCOUN25,576100898c26d65b2827cbbc401a277151a9acf9+uncommitted-corpus-build,ACTIVE
MCCOUN25-20250729-0013,MCCOUN25,576100898c26d65b2827cbbc401a277151a9acf9+uncommitted-corpus-build,ACTIVE
MCCOUN25-20250729-0015,MCCOUN25,576100898c26d65b2827cbbc401a277151a9acf9+uncommitted-corpus-build,ACTIVE
MCCOUN25-20250729-0017,MCCOUN25,576100898c26d65b2827cbbc401a277151a9acf9+uncommitted-corpus-build,ACTIVE
MCCOUN25-20250729-0019,MCCOUN25,576100898c26d65b2827cbbc401a277151a9acf9+uncommitted-corpus-build,ACTIVE
MCCOUN25-20250729-0021,MCCOUN25,576100898c26d65b2827cbbc401a277151a9acf9+uncommitted-corpus-build,ACTIVE
MCCOUN25-20250729-0023,MCCOUN25,576100898c26d65b2827cbbc401a277151a9acf9+uncommitted-corpus-build,ACTIVE
MCCOUN25-20250729-0024,MCCOUN25,576100898c26d65b2827cbbc401a277151a9acf9+uncommitted-corpus-build,ACTIVE
MCCOUN25-20250729-0026,MCCOUN25,576100898c26d65b2827cbbc401a277151a9acf9+uncommitted-corpus-build,ACTIVE
MCCOUN25-20250729-0028,MCCOUN25,576100898c26d65b2827cbbc401a277151a9acf9+uncommitted-corpus-build,ACTIVE
MCCOUN25-20250729-0030,MCCOUN25,576100898c26d65b2827cbbc401a277151a9acf9+uncommitted-corpus-build,ACTIVE
MCCOUN25-20250729-0032,MCCOUN25,576100898c26d65b2827cbbc401a277151a9acf9+uncommitted-corpus-build,ACTIVE
MCCOUN25-20250729-0034,MCCOUN25,576100898c26d65b2827cbbc401a277151a9acf9+uncommitted-corpus-build,ACTIVE
MCCOUN25-20250729-0036,MCCOUN25,576100898c26d65b2827cbbc401a277151a9acf9+uncommitted-corpus-build,ACTIVE
MCCOUN25-20250729-0038,MCCOUN25,576100898c26d65b2827cbbc401a277151a9acf9+uncommitted-corpus-build,ACTIVE
MCCOUN25-20250729-0040,MCCOUN25,576100898c26d65b2827cbbc401a277151a9acf9+uncommitted-corpus-build,ACTIVE
MCCOUN25-20250729-0042,MCCOUN25,576100898c26d65b2827cbbc401a277151a9acf9+uncommitted-corpus-build,ACTIVE
MCCOUN25-20250729-0044,MCCOUN25,576100898c26d65b2827cbbc401a277151a9acf9+uncommitted-corpus-build,ACTIVE
MCCOUN25-20250729-0046,MCCOUN25,576100898c26d65b2827cbbc401a277151a9acf9+uncommitted-corpus-build,ACTIVE
MCCOUN25-20250729-0047,MCCOUN25,576100898c26d65b2827cbbc401a277151a9acf9+uncommitted-corpus-build,ACTIVE
MCCOUN25-20250729-0049,MCCOUN25,576100898c26d65b2827cbbc401a277151a9acf9+uncommitted-corpus-build,ACTIVE
MCCOUN25-20250729-0051,MCCOUN25,576100898c26d65b2827cbbc401a277151a9acf9+uncommitted-corpus-build,ACTIVE
MCMON25-20250729-0001,MCMON25,576100898c26d65b2827cbbc401a277151a9acf9+uncommitted-corpus-build,ACTIVE
MCMON25-20250729-0003,MCMON25,576100898c26d65b2827cbbc401a277151a9acf9+uncommitted-corpus-build,ACTIVE
MCMON25-20250729-0004,MCMON25,576100898c26d65b2827cbbc401a277151a9acf9+uncommitted-corpus-build,ACTIVE
MCMON25-20250729-0005,MCMON25,576100898c26d65b2827cbbc401a277151a9acf9+uncommitted-corpus-build,ACTIVE
MCMON25-20250729-0006,MCMON25,576100898c26d65b2827cbbc401a277151a9acf9+uncommitted-corpus-build,ACTIVE
MCMON25-20250729-0007,MCMON25,576100898c26d65b2827cbbc401a277151a9acf9+uncommitted-corpus-build,ACTIVE
MCMON25-20250729-0008,MCMON25,576100898c26d65b2827cbbc401a277151a9acf9+uncommitted-corpus-build,ACTIVE
MCMON25-20250729-0009,MCMON25,576100898c26d65b2827cbbc401a277151a9acf9+uncommitted-corpus-build,ACTIVE
MCMON25-20250729-0011,MCMON25,576100898c26d65b2827cbbc401a277151a9acf9+uncommitted-corpus-build,ACTIVE
MCMON25-20250729-0013,MCMON25,576100898c26d65b2827cbbc401a277151a9acf9+uncommitted-corpus-build,ACTIVE
MCMON25-20250729-0015,MCMON25,576100898c26d65b2827cbbc401a277151a9acf9+uncommitted-corpus-build,ACTIVE
MCMON25-20250729-0017,MCMON25,576100898c26d65b2827cbbc401a277151a9acf9+uncommitted-corpus-build,ACTIVE
MCMON25-20250729-0019,MCMON25,576100898c26d65b2827cbbc401a277151a9acf9+uncommitted-corpus-build,ACTIVE
MCMON25-20250729-0021,MCMON25,576100898c26d65b2827cbbc401a277151a9acf9+uncommitted-corpus-build,ACTIVE
MCMON25-20250729-0023,MCMON25,576100898c26d65b2827cbbc401a277151a9acf9+uncommitted-corpus-build,ACTIVE
MCMON25-20250729-0025,MCMON25,576100898c26d65b2827cbbc401a277151a9acf9+uncommitted-corpus-build,ACTIVE
MCMON25-20250729-0027,MCMON25,576100898c26d65b2827cbbc401a277151a9acf9+uncommitted-corpus-build,ACTIVE
MCMON25-20250729-0029,MCMON25,576100898c26d65b2827cbbc401a277151a9acf9+uncommitted-corpus-build,ACTIVE
MCMON25-20250729-0031,MCMON25,576100898c26d65b2827cbbc401a277151a9acf9+uncommitted-corpus-build,ACTIVE
MCMON25-20250729-0033,MCMON25,576100898c26d65b2827cbbc401a277151a9acf9+uncommitted-corpus-build,ACTIVE
MCMON25-20250729-0035,MCMON25,576100898c26d65b2827cbbc401a277151a9acf9+uncommitted-corpus-build,ACTIVE
MCMON25-20250729-0037,MCMON25,576100898c26d65b2827cbbc401a277151a9acf9+uncommitted-corpus-build,ACTIVE
MCMON25-20250729-0039,MCMON25,576100898c26d65b2827cbbc401a277151a9acf9+uncommitted-corpus-build,ACTIVE
MCMON25-20250729-0041,MCMON25,576100898c26d65b2827cbbc401a277151a9acf9+uncommitted-corpus-build,ACTIVE
MCMON25-20250729-0043,MCMON25,576100898c26d65b2827cbbc401a277151a9acf9+uncommitted-corpus-build,ACTIVE
MCMON25-20250729-0045,MCMON25,576100898c26d65b2827cbbc401a277151a9acf9+uncommitted-corpus-build,ACTIVE
MCMON25-20250729-0047,MCMON25,576100898c26d65b2827cbbc401a277151a9acf9+uncommitted-corpus-build,ACTIVE
MCMON25-20250729-0048,MCMON25,576100898c26d65b2827cbbc401a277151a9acf9+uncommitted-corpus-build,ACTIVE
MCMON25-20250729-0049,MCMON25,576100898c26d65b2827cbbc401a277151a9acf9+uncommitted-corpus-build,ACTIVE
MCMON25-20250729-0050,MCMON25,576100898c26d65b2827cbbc401a277151a9acf9+uncommitted-corpus-build,ACTIVE
MCMON25-20250729-0051,MCMON25,576100898c26d65b2827cbbc401a277151a9acf9+uncommitted-corpus-build,ACTIVE
MCMON25-20250729-0052,MCMON25,576100898c26d65b2827cbbc401a277151a9acf9+uncommitted-corpus-build,ACTIVE
MCMON25-20250729-0053,MCMON25,576100898c26d65b2827cbbc401a277151a9acf9+uncommitted-corpus-build,ACTIVE
MCMON25-20250729-0054,MCMON25,576100898c26d65b2827cbbc401a277151a9acf9+uncommitted-corpus-build,ACTIVE
MCMON25-20250729-0055,MCMON25,576100898c26d65b2827cbbc401a277151a9acf9+uncommitted-corpus-build,ACTIVE
MCMON25-20250729-0056,MCMON25,576100898c26d65b2827cbbc401a277151a9acf9+uncommitted-corpus-build,ACTIVE
MCMON25-20250729-0058,MCMON25,576100898c26d65b2827cbbc401a277151a9acf9+uncommitted-corpus-build,ACTIVE
MCMON25-20250729-0060,MCMON25,576100898c26d65b2827cbbc401a277151a9acf9+uncommitted-corpus-build,ACTIVE
MCMON25-20250729-0062,MCMON25,576100898c26d65b2827cbbc401a277151a9acf9+uncommitted-corpus-build,ACTIVE
MCMON25-20250729-0064,MCMON25,576100898c26d65b2827cbbc401a277151a9acf9+uncommitted-corpus-build,ACTIVE
MCMON25-20250729-0066,MCMON25,576100898c26d65b2827cbbc401a277151a9acf9+uncommitted-corpus-build,ACTIVE
MCMON25-20250729-0068,MCMON25,576100898c26d65b2827cbbc401a277151a9acf9+uncommitted-corpus-build,ACTIVE
MCMON25-20250729-0070,MCMON25,576100898c26d65b2827cbbc401a277151a9acf9+uncommitted-corpus-build,ACTIVE
MCMON25-20250729-0072,MCMON25,576100898c26d65b2827cbbc401a277151a9acf9+uncommitted-corpus-build,ACTIVE
MCMON25-20250729-0074,MCMON25,576100898c26d65b2827cbbc401a277151a9acf9+uncommitted-corpus-build,ACTIVE
MCMON25-20250729-0076,MCMON25,576100898c26d65b2827cbbc401a277151a9acf9+uncommitted-corpus-build,ACTIVE
MCMON25-20250729-0078,MCMON25,576100898c26d65b2827cbbc401a277151a9acf9+uncommitted-corpus-build,ACTIVE
MCMON25-20250729-0080,MCMON25,576100898c26d65b2827cbbc401a277151a9acf9+uncommitted-corpus-build,ACTIVE
MCMON25-20250729-0082,MCMON25,576100898c26d65b2827cbbc401a277151a9acf9+uncommitted-corpus-build,ACTIVE
MCMON25-20250729-0084,MCMON25,576100898c26d65b2827cbbc401a277151a9acf9+uncommitted-corpus-build,ACTIVE
MCMON25-20250729-0086,MCMON25,576100898c26d65b2827cbbc401a277151a9acf9+uncommitted-corpus-build,ACTIVE
MCMON25-20250729-0088,MCMON25,576100898c26d65b2827cbbc401a277151a9acf9+uncommitted-corpus-build,ACTIVE
MCMON25-20250729-0090,MCMON25,576100898c26d65b2827cbbc401a277151a9acf9+uncommitted-corpus-build,ACTIVE
MCMON25-20250729-0092,MCMON25,576100898c26d65b2827cbbc401a277151a9acf9+uncommitted-corpus-build,ACTIVE
MCMON25-20250729-0094,MCMON25,576100898c26d65b2827cbbc401a277151a9acf9+uncommitted-corpus-build,ACTIVE
MCMON25-20250729-0096,MCMON25,576100898c26d65b2827cbbc401a277151a9acf9+uncommitted-corpus-build,ACTIVE
MCMON25-20250729-0098,MCMON25,576100898c26d65b2827cbbc401a277151a9acf9+uncommitted-corpus-build,ACTIVE
MCMON25-20250729-0100,MCMON25,576100898c26d65b2827cbbc401a277151a9acf9+uncommitted-corpus-build,ACTIVE
MCMON25-20250729-0102,MCMON25,576100898c26d65b2827cbbc401a277151a9acf9+uncommitted-corpus-build,ACTIVE
MCMON25-20250729-0104,MCMON25,576100898c26d65b2827cbbc401a277151a9acf9+uncommitted-corpus-build,ACTIVE
MCMON25-20250729-0106,MCMON25,576100898c26d65b2827cbbc401a277151a9acf9+uncommitted-corpus-build,ACTIVE
MCMON25-20250729-0108,MCMON25,576100898c26d65b2827cbbc401a277151a9acf9+uncommitted-corpus-build,ACTIVE
MCMON25-20250729-0110,MCMON25,576100898c26d65b2827cbbc401a277151a9acf9+uncommitted-corpus-build,ACTIVE
MCMON25-20250729-0112,MCMON25,576100898c26d65b2827cbbc401a277151a9acf9+uncommitted-corpus-build,ACTIVE
MCMON25-20250729-0114,MCMON25,576100898c26d65b2827cbbc401a277151a9acf9+uncommitted-corpus-build,ACTIVE
MCMON25-20250729-0116,MCMON25,576100898c26d65b2827cbbc401a277151a9acf9+uncommitted-corpus-build,ACTIVE
MCMON25-20250729-0118,MCMON25,576100898c26d65b2827cbbc401a277151a9acf9+uncommitted-corpus-build,ACTIVE
MCMON25-20250729-0120,MCMON25,576100898c26d65b2827cbbc401a277151a9acf9+uncommitted-corpus-build,ACTIVE
MCMON25-20250729-0122,MCMON25,576100898c26d65b2827cbbc401a277151a9acf9+uncommitted-corpus-build,ACTIVE
MCMON25-20250729-0124,MCMON25,576100898c26d65b2827cbbc401a277151a9acf9+uncommitted-corpus-build,ACTIVE
MCMON25-20250729-0126,MCMON25,576100898c26d65b2827cbbc401a277151a9acf9+uncommitted-corpus-build,ACTIVE
MCMON25-20250729-0128,MCMON25,576100898c26d65b2827cbbc401a277151a9acf9+uncommitted-corpus-build,ACTIVE
MCMON25-20250729-0130,MCMON25,576100898c26d65b2827cbbc401a277151a9acf9+uncommitted-corpus-build,ACTIVE
MCMON25-20250729-0132,MCMON25,576100898c26d65b2827cbbc401a277151a9acf9+uncommitted-corpus-build,ACTIVE
MCMON25-20250729-0134,MCMON25,576100898c26d65b2827cbbc401a277151a9acf9+uncommitted-corpus-build,ACTIVE
MCMON25-20250729-0136,MCMON25,576100898c26d65b2827cbbc401a277151a9acf9+uncommitted-corpus-build,ACTIVE
MCMON25-20250729-0138,MCMON25,576100898c26d65b2827cbbc401a277151a9acf9+uncommitted-corpus-build,ACTIVE
MCMON25-20250729-0140,MCMON25,576100898c26d65b2827cbbc401a277151a9acf9+uncommitted-corpus-build,ACTIVE
MCMON25-20250729-0142,MCMON25,576100898c26d65b2827cbbc401a277151a9acf9+uncommitted-corpus-build,ACTIVE
MCMON25-20250729-0144,MCMON25,576100898c26d65b2827cbbc401a277151a9acf9+uncommitted-corpus-build,ACTIVE
MCMON25-20250729-0146,MCMON25,576100898c26d65b2827cbbc401a277151a9acf9+uncommitted-corpus-build,ACTIVE
MCMON25-20250729-0148,MCMON25,576100898c26d65b2827cbbc401a277151a9acf9+uncommitted-corpus-build,ACTIVE
MCMON25-20250729-0150,MCMON25,576100898c26d65b2827cbbc401a277151a9acf9+uncommitted-corpus-build,ACTIVE
MCMON25-20250729-0152,MCMON25,576100898c26d65b2827cbbc401a277151a9acf9+uncommitted-corpus-build,ACTIVE
MCMON25-20250729-0154,MCMON25,576100898c26d65b2827cbbc401a277151a9acf9+uncommitted-corpus-build,ACTIVE
MCMON25-20250729-0156,MCMON25,576100898c26d65b2827cbbc401a277151a9acf9+uncommitted-corpus-build,ACTIVE
MCMON25-20250729-0158,MCMON25,576100898c26d65b2827cbbc401a277151a9acf9+uncommitted-corpus-build,ACTIVE
MCMON25-20250729-0160,MCMON25,576100898c26d65b2827cbbc401a277151a9acf9+uncommitted-corpus-build,ACTIVE
MCMON25-20250729-0162,MCMON25,576100898c26d65b2827cbbc401a277151a9acf9+uncommitted-corpus-build,ACTIVE
MCMON25-20250729-0164,MCMON25,576100898c26d65b2827cbbc401a277151a9acf9+uncommitted-corpus-build,ACTIVE
MCMON25-20250729-0166,MCMON25,576100898c26d65b2827cbbc401a277151a9acf9+uncommitted-corpus-build,ACTIVE
MCMON25-20250729-0168,MCMON25,576100898c26d65b2827cbbc401a277151a9acf9+uncommitted-corpus-build,ACTIVE
MCMON25-20250729-0170,MCMON25,576100898c26d65b2827cbbc401a277151a9acf9+uncommitted-corpus-build,ACTIVE
MCMON25-20250729-0172,MCMON25,576100898c26d65b2827cbbc401a277151a9acf9+uncommitted-corpus-build,ACTIVE
MCMON25-20250729-0174,MCMON25,576100898c26d65b2827cbbc401a277151a9acf9+uncommitted-corpus-build,ACTIVE
MCMON25-20250729-0176,MCMON25,576100898c26d65b2827cbbc401a277151a9acf9+uncommitted-corpus-build,ACTIVE
MCMON25-20250729-0178,MCMON25,576100898c26d65b2827cbbc401a277151a9acf9+uncommitted-corpus-build,ACTIVE
MCMON25-20250729-0179,MCMON25,576100898c26d65b2827cbbc401a277151a9acf9+uncommitted-corpus-build,ACTIVE
MCMON25-20250729-0181,MCMON25,576100898c26d65b2827cbbc401a277151a9acf9+uncommitted-corpus-build,ACTIVE
MCMON25-20250729-0183,MCMON25,576100898c26d65b2827cbbc401a277151a9acf9+uncommitted-corpus-build,ACTIVE
MH17-GEN-0001,MH17,576100898c26d65b2827cbbc401a277151a9acf9+uncommitted-corpus-build,ACTIVE
MH17-GEN-0003,MH17,576100898c26d65b2827cbbc401a277151a9acf9+uncommitted-corpus-build,ACTIVE
MH17-GEN-0004,MH17,576100898c26d65b2827cbbc401a277151a9acf9+uncommitted-corpus-build,ACTIVE
MH17-GEN-0005,MH17,576100898c26d65b2827cbbc401a277151a9acf9+uncommitted-corpus-build,ACTIVE
MH17-GEN-0006,MH17,576100898c26d65b2827cbbc401a277151a9acf9+uncommitted-corpus-build,ACTIVE
MH17-GEN-0007,MH17,576100898c26d65b2827cbbc401a277151a9acf9+uncommitted-corpus-build,ACTIVE
MH17-GEN-0008,MH17,576100898c26d65b2827cbbc401a277151a9acf9+uncommitted-corpus-build,ACTIVE
MH17-GEN-0009,MH17,576100898c26d65b2827cbbc401a277151a9acf9+uncommitted-corpus-build,ACTIVE
MH17-GEN-0011,MH17,576100898c26d65b2827cbbc401a277151a9acf9+uncommitted-corpus-build,ACTIVE
MH17-GEN-0013,MH17,576100898c26d65b2827cbbc401a277151a9acf9+uncommitted-corpus-build,ACTIVE
MH17-GEN-0015,MH17,576100898c26d65b2827cbbc401a277151a9acf9+uncommitted-corpus-build,ACTIVE
MH17-GEN-0017,MH17,576100898c26d65b2827cbbc401a277151a9acf9+uncommitted-corpus-build,ACTIVE
MH17-GEN-0019,MH17,576100898c26d65b2827cbbc401a277151a9acf9+uncommitted-corpus-build,ACTIVE
MH17-GEN-0021,MH17,576100898c26d65b2827cbbc401a277151a9acf9+uncommitted-corpus-build,ACTIVE
MH17-GEN-0023,MH17,576100898c26d65b2827cbbc401a277151a9acf9+uncommitted-corpus-build,ACTIVE
MH17-GEN-0025,MH17,576100898c26d65b2827cbbc401a277151a9acf9+uncommitted-corpus-build,ACTIVE
MH17-GEN-0027,MH17,576100898c26d65b2827cbbc401a277151a9acf9+uncommitted-corpus-build,ACTIVE
MH17-GEN-0029,MH17,576100898c26d65b2827cbbc401a277151a9acf9+uncommitted-corpus-build,ACTIVE
MH17-GEN-0031,MH17,576100898c26d65b2827cbbc401a277151a9acf9+uncommitted-corpus-build,ACTIVE
MH17-GEN-0033,MH17,576100898c26d65b2827cbbc401a277151a9acf9+uncommitted-corpus-build,ACTIVE
MH17-GEN-0035,MH17,576100898c26d65b2827cbbc401a277151a9acf9+uncommitted-corpus-build,ACTIVE
MH17-GEN-0037,MH17,576100898c26d65b2827cbbc401a277151a9acf9+uncommitted-corpus-build,ACTIVE
MH17-GEN-0039,MH17,576100898c26d65b2827cbbc401a277151a9acf9+uncommitted-corpus-build,ACTIVE
MH17-GEN-0041,MH17,576100898c26d65b2827cbbc401a277151a9acf9+uncommitted-corpus-build,ACTIVE
MONSUP25-20250729-0001,MONSUP25,576100898c26d65b2827cbbc401a277151a9acf9+uncommitted-corpus-build,ACTIVE
MONSUP25-20250729-0003,MONSUP25,576100898c26d65b2827cbbc401a277151a9acf9+uncommitted-corpus-build,ACTIVE
MONSUP25-20250729-0004,MONSUP25,576100898c26d65b2827cbbc401a277151a9acf9+uncommitted-corpus-build,ACTIVE
MONSUP25-20250729-0005,MONSUP25,576100898c26d65b2827cbbc401a277151a9acf9+uncommitted-corpus-build,ACTIVE
MONSUP25-20250729-0006,MONSUP25,576100898c26d65b2827cbbc401a277151a9acf9+uncommitted-corpus-build,ACTIVE
MONSUP25-20250729-0007,MONSUP25,576100898c26d65b2827cbbc401a277151a9acf9+uncommitted-corpus-build,ACTIVE
MONSUP25-20250729-0008,MONSUP25,576100898c26d65b2827cbbc401a277151a9acf9+uncommitted-corpus-build,ACTIVE
MONSUP25-20250729-0009,MONSUP25,576100898c26d65b2827cbbc401a277151a9acf9+uncommitted-corpus-build,ACTIVE
MONSUP25-20250729-0011,MONSUP25,576100898c26d65b2827cbbc401a277151a9acf9+uncommitted-corpus-build,ACTIVE
MONSUP25-20250729-0013,MONSUP25,576100898c26d65b2827cbbc401a277151a9acf9+uncommitted-corpus-build,ACTIVE
MONSUP25-20250729-0015,MONSUP25,576100898c26d65b2827cbbc401a277151a9acf9+uncommitted-corpus-build,ACTIVE
MONSUP25-20250729-0017,MONSUP25,576100898c26d65b2827cbbc401a277151a9acf9+uncommitted-corpus-build,ACTIVE
MONSUP25-20250729-0018,MONSUP25,576100898c26d65b2827cbbc401a277151a9acf9+uncommitted-corpus-build,ACTIVE
MONSUP25-20250729-0019,MONSUP25,576100898c26d65b2827cbbc401a277151a9acf9+uncommitted-corpus-build,ACTIVE
MONSUP25-20250729-0021,MONSUP25,576100898c26d65b2827cbbc401a277151a9acf9+uncommitted-corpus-build,ACTIVE
MONSUP25-20250729-0023,MONSUP25,576100898c26d65b2827cbbc401a277151a9acf9+uncommitted-corpus-build,ACTIVE
MONSUP25-20250729-0025,MONSUP25,576100898c26d65b2827cbbc401a277151a9acf9+uncommitted-corpus-build,ACTIVE
MONSUP25-20250729-0027,MONSUP25,576100898c26d65b2827cbbc401a277151a9acf9+uncommitted-corpus-build,ACTIVE
MONSUP25-20250729-0029,MONSUP25,576100898c26d65b2827cbbc401a277151a9acf9+uncommitted-corpus-build,ACTIVE
MONSUP25-20250729-0030,MONSUP25,576100898c26d65b2827cbbc401a277151a9acf9+uncommitted-corpus-build,ACTIVE
MONSUP25-20250729-0031,MONSUP25,576100898c26d65b2827cbbc401a277151a9acf9+uncommitted-corpus-build,ACTIVE
MONSUP25-20250729-0032,MONSUP25,576100898c26d65b2827cbbc401a277151a9acf9+uncommitted-corpus-build,ACTIVE
MONSUP25-20250729-0033,MONSUP25,576100898c26d65b2827cbbc401a277151a9acf9+uncommitted-corpus-build,ACTIVE
MONSUP25-20250729-0034,MONSUP25,576100898c26d65b2827cbbc401a277151a9acf9+uncommitted-corpus-build,ACTIVE
MONSUP25-20250729-0036,MONSUP25,576100898c26d65b2827cbbc401a277151a9acf9+uncommitted-corpus-build,ACTIVE
MONSUP25-20250729-0038,MONSUP25,576100898c26d65b2827cbbc401a277151a9acf9+uncommitted-corpus-build,ACTIVE
MONSUP25-20250729-0040,MONSUP25,576100898c26d65b2827cbbc401a277151a9acf9+uncommitted-corpus-build,ACTIVE
MONSUP25-20250729-0042,MONSUP25,576100898c26d65b2827cbbc401a277151a9acf9+uncommitted-corpus-build,ACTIVE
MONSUP25-20250729-0044,MONSUP25,576100898c26d65b2827cbbc401a277151a9acf9+uncommitted-corpus-build,ACTIVE
MONSUP25-20250729-0046,MONSUP25,576100898c26d65b2827cbbc401a277151a9acf9+uncommitted-corpus-build,ACTIVE
MONSUP25-20250729-0048,MONSUP25,576100898c26d65b2827cbbc401a277151a9acf9+uncommitted-corpus-build,ACTIVE
MONSUP25-20250729-0050,MONSUP25,576100898c26d65b2827cbbc401a277151a9acf9+uncommitted-corpus-build,ACTIVE
MONSUP25-20250729-0052,MONSUP25,576100898c26d65b2827cbbc401a277151a9acf9+uncommitted-corpus-build,ACTIVE
MONSUP25-20250729-0054,MONSUP25,576100898c26d65b2827cbbc401a277151a9acf9+uncommitted-corpus-build,ACTIVE
MONSUP25-20250729-0056,MONSUP25,576100898c26d65b2827cbbc401a277151a9acf9+uncommitted-corpus-build,ACTIVE
MONSUP25-20250729-0058,MONSUP25,576100898c26d65b2827cbbc401a277151a9acf9+uncommitted-corpus-build,ACTIVE
MONSUP25-20250729-0060,MONSUP25,576100898c26d65b2827cbbc401a277151a9acf9+uncommitted-corpus-build,ACTIVE
MONSUP25-20250729-0062,MONSUP25,576100898c26d65b2827cbbc401a277151a9acf9+uncommitted-corpus-build,ACTIVE
MONSUP25-20250729-0064,MONSUP25,576100898c26d65b2827cbbc401a277151a9acf9+uncommitted-corpus-build,ACTIVE
MONSUP25-20250729-0066,MONSUP25,576100898c26d65b2827cbbc401a277151a9acf9+uncommitted-corpus-build,ACTIVE
MONSUP25-20250729-0068,MONSUP25,576100898c26d65b2827cbbc401a277151a9acf9+uncommitted-corpus-build,ACTIVE
MONSUP25-20250729-0070,MONSUP25,576100898c26d65b2827cbbc401a277151a9acf9+uncommitted-corpus-build,ACTIVE
MONSUP25-20250729-0072,MONSUP25,576100898c26d65b2827cbbc401a277151a9acf9+uncommitted-corpus-build,ACTIVE
MONSUP25-20250729-0074,MONSUP25,576100898c26d65b2827cbbc401a277151a9acf9+uncommitted-corpus-build,ACTIVE
MONSUP25-20250729-0075,MONSUP25,576100898c26d65b2827cbbc401a277151a9acf9+uncommitted-corpus-build,ACTIVE
MONSUP25-20250729-0076,MONSUP25,576100898c26d65b2827cbbc401a277151a9acf9+uncommitted-corpus-build,ACTIVE
MONSUP25-20250729-0077,MONSUP25,576100898c26d65b2827cbbc401a277151a9acf9+uncommitted-corpus-build,ACTIVE
MONSUP25-20250729-0078,MONSUP25,576100898c26d65b2827cbbc401a277151a9acf9+uncommitted-corpus-build,ACTIVE
MONSUP25-20250729-0080,MONSUP25,576100898c26d65b2827cbbc401a277151a9acf9+uncommitted-corpus-build,ACTIVE
MONSUP25-20250729-0082,MONSUP25,576100898c26d65b2827cbbc401a277151a9acf9+uncommitted-corpus-build,ACTIVE
MONSUP25-20250729-0084,MONSUP25,576100898c26d65b2827cbbc401a277151a9acf9+uncommitted-corpus-build,ACTIVE
MONSUP25-20250729-0086,MONSUP25,576100898c26d65b2827cbbc401a277151a9acf9+uncommitted-corpus-build,ACTIVE
MONSUP25-20250729-0088,MONSUP25,576100898c26d65b2827cbbc401a277151a9acf9+uncommitted-corpus-build,ACTIVE
MONSUP25-20250729-0090,MONSUP25,576100898c26d65b2827cbbc401a277151a9acf9+uncommitted-corpus-build,ACTIVE
MONSUP25-20250729-0092,MONSUP25,576100898c26d65b2827cbbc401a277151a9acf9+uncommitted-corpus-build,ACTIVE
MONSUP25-20250729-0094,MONSUP25,576100898c26d65b2827cbbc401a277151a9acf9+uncommitted-corpus-build,ACTIVE
MONSUP25-20250729-0096,MONSUP25,576100898c26d65b2827cbbc401a277151a9acf9+uncommitted-corpus-build,ACTIVE
MONSUP25-20250729-0098,MONSUP25,576100898c26d65b2827cbbc401a277151a9acf9+uncommitted-corpus-build,ACTIVE
MONSUP25-20250729-0100,MONSUP25,576100898c26d65b2827cbbc401a277151a9acf9+uncommitted-corpus-build,ACTIVE
MONSUP25-20250729-0102,MONSUP25,576100898c26d65b2827cbbc401a277151a9acf9+uncommitted-corpus-build,ACTIVE
MONSUP25-20250729-0104,MONSUP25,576100898c26d65b2827cbbc401a277151a9acf9+uncommitted-corpus-build,ACTIVE
MONSUP25-20250729-0106,MONSUP25,576100898c26d65b2827cbbc401a277151a9acf9+uncommitted-corpus-build,ACTIVE
MONSUP25-20250729-0108,MONSUP25,576100898c26d65b2827cbbc401a277151a9acf9+uncommitted-corpus-build,ACTIVE
MONSUP25-20250729-0110,MONSUP25,576100898c26d65b2827cbbc401a277151a9acf9+uncommitted-corpus-build,ACTIVE
MONSUP25-20250729-0112,MONSUP25,576100898c26d65b2827cbbc401a277151a9acf9+uncommitted-corpus-build,ACTIVE
MONSUP25-20250729-0114,MONSUP25,576100898c26d65b2827cbbc401a277151a9acf9+uncommitted-corpus-build,ACTIVE
MONSUP25-20250729-0116,MONSUP25,576100898c26d65b2827cbbc401a277151a9acf9+uncommitted-corpus-build,ACTIVE
MONSUP25-20250729-0118,MONSUP25,576100898c26d65b2827cbbc401a277151a9acf9+uncommitted-corpus-build,ACTIVE
MONSUP25-20250729-0120,MONSUP25,576100898c26d65b2827cbbc401a277151a9acf9+uncommitted-corpus-build,ACTIVE
MONSUP25-20250729-0122,MONSUP25,576100898c26d65b2827cbbc401a277151a9acf9+uncommitted-corpus-build,ACTIVE
MONSUP25-20250729-0123,MONSUP25,576100898c26d65b2827cbbc401a277151a9acf9+uncommitted-corpus-build,ACTIVE
MONSUP25-20250729-0124,MONSUP25,576100898c26d65b2827cbbc401a277151a9acf9+uncommitted-corpus-build,ACTIVE
MONSUP25-20250729-0125,MONSUP25,576100898c26d65b2827cbbc401a277151a9acf9+uncommitted-corpus-build,ACTIVE
MONSUP25-20250729-0126,MONSUP25,576100898c26d65b2827cbbc401a277151a9acf9+uncommitted-corpus-build,ACTIVE
MONSUP25-20250729-0128,MONSUP25,576100898c26d65b2827cbbc401a277151a9acf9+uncommitted-corpus-build,ACTIVE
MONSUP25-20250729-0130,MONSUP25,576100898c26d65b2827cbbc401a277151a9acf9+uncommitted-corpus-build,ACTIVE
MONSUP25-20250729-0132,MONSUP25,576100898c26d65b2827cbbc401a277151a9acf9+uncommitted-corpus-build,ACTIVE
MONSUP25-20250729-0133,MONSUP25,576100898c26d65b2827cbbc401a277151a9acf9+uncommitted-corpus-build,ACTIVE
MONSUP25-20250729-0134,MONSUP25,576100898c26d65b2827cbbc401a277151a9acf9+uncommitted-corpus-build,ACTIVE
MONSUP25-20250729-0135,MONSUP25,576100898c26d65b2827cbbc401a277151a9acf9+uncommitted-corpus-build,ACTIVE
MONSUP25-20250729-0136,MONSUP25,576100898c26d65b2827cbbc401a277151a9acf9+uncommitted-corpus-build,ACTIVE
MONSUP25-20250729-0137,MONSUP25,576100898c26d65b2827cbbc401a277151a9acf9+uncommitted-corpus-build,ACTIVE
MONSUP25-20250729-0138,MONSUP25,576100898c26d65b2827cbbc401a277151a9acf9+uncommitted-corpus-build,ACTIVE
MONSUP25-20250729-0139,MONSUP25,576100898c26d65b2827cbbc401a277151a9acf9+uncommitted-corpus-build,ACTIVE
MONSUP25-20250729-0140,MONSUP25,576100898c26d65b2827cbbc401a277151a9acf9+uncommitted-corpus-build,ACTIVE
MONSUP25-20250729-0141,MONSUP25,576100898c26d65b2827cbbc401a277151a9acf9+uncommitted-corpus-build,ACTIVE
MONSUP25-20250729-0143,MONSUP25,576100898c26d65b2827cbbc401a277151a9acf9+uncommitted-corpus-build,ACTIVE
MONSUP25-20250729-0145,MONSUP25,576100898c26d65b2827cbbc401a277151a9acf9+uncommitted-corpus-build,ACTIVE
MONSUP25-20250729-0147,MONSUP25,576100898c26d65b2827cbbc401a277151a9acf9+uncommitted-corpus-build,ACTIVE
MONSUP25-20250729-0149,MONSUP25,576100898c26d65b2827cbbc401a277151a9acf9+uncommitted-corpus-build,ACTIVE
MONSUP25-20250729-0150,MONSUP25,576100898c26d65b2827cbbc401a277151a9acf9+uncommitted-corpus-build,ACTIVE
MONSUP25-20250729-0151,MONSUP25,576100898c26d65b2827cbbc401a277151a9acf9+uncommitted-corpus-build,ACTIVE
MONSUP25-20250729-0152,MONSUP25,576100898c26d65b2827cbbc401a277151a9acf9+uncommitted-corpus-build,ACTIVE
MONSUP25-20250729-0153,MONSUP25,576100898c26d65b2827cbbc401a277151a9acf9+uncommitted-corpus-build,ACTIVE
MONSUP25-20250729-0154,MONSUP25,576100898c26d65b2827cbbc401a277151a9acf9+uncommitted-corpus-build,ACTIVE
MONSUP25-20250729-0155,MONSUP25,576100898c26d65b2827cbbc401a277151a9acf9+uncommitted-corpus-build,ACTIVE
MONSUP25-20250729-0157,MONSUP25,576100898c26d65b2827cbbc401a277151a9acf9+uncommitted-corpus-build,ACTIVE
N17-20170713-0007,N17,576100898c26d65b2827cbbc401a277151a9acf9+uncommitted-corpus-build,ACTIVE
N17-20170713-0008,N17,576100898c26d65b2827cbbc401a277151a9acf9+uncommitted-corpus-build,ACTIVE
N17-20170713-0009,N17,576100898c26d65b2827cbbc401a277151a9acf9+uncommitted-corpus-build,ACTIVE
N17-20170713-0010,N17,576100898c26d65b2827cbbc401a277151a9acf9+uncommitted-corpus-build,ACTIVE
N17-20170713-0011,N17,576100898c26d65b2827cbbc401a277151a9acf9+uncommitted-corpus-build,ACTIVE
N17-20170713-0012,N17,576100898c26d65b2827cbbc401a277151a9acf9+uncommitted-corpus-build,ACTIVE
N17-20170713-0013,N17,576100898c26d65b2827cbbc401a277151a9acf9+uncommitted-corpus-build,ACTIVE
N17-20170713-0014,N17,576100898c26d65b2827cbbc401a277151a9acf9+uncommitted-corpus-build,ACTIVE
N17-20170713-0015,N17,576100898c26d65b2827cbbc401a277151a9acf9+uncommitted-corpus-build,ACTIVE
N17-20170713-0016,N17,576100898c26d65b2827cbbc401a277151a9acf9+uncommitted-corpus-build,ACTIVE
N17-20170713-0018,N17,576100898c26d65b2827cbbc401a277151a9acf9+uncommitted-corpus-build,ACTIVE
N17-20170713-0019,N17,576100898c26d65b2827cbbc401a277151a9acf9+uncommitted-corpus-build,ACTIVE
N17-20170713-0020,N17,576100898c26d65b2827cbbc401a277151a9acf9+uncommitted-corpus-build,ACTIVE
N17-20170713-0021,N17,576100898c26d65b2827cbbc401a277151a9acf9+uncommitted-corpus-build,ACTIVE
N17-20170713-0022,N17,576100898c26d65b2827cbbc401a277151a9acf9+uncommitted-corpus-build,ACTIVE
N17-20170713-0023,N17,576100898c26d65b2827cbbc401a277151a9acf9+uncommitted-corpus-build,ACTIVE
N17-20170713-0024,N17,576100898c26d65b2827cbbc401a277151a9acf9+uncommitted-corpus-build,ACTIVE
N17-20170713-0025,N17,576100898c26d65b2827cbbc401a277151a9acf9+uncommitted-corpus-build,ACTIVE
N17-20170713-0026,N17,576100898c26d65b2827cbbc401a277151a9acf9+uncommitted-corpus-build,ACTIVE
N17-20170713-0027,N17,576100898c26d65b2827cbbc401a277151a9acf9+uncommitted-corpus-build,ACTIVE
N17-20170713-0028,N17,576100898c26d65b2827cbbc401a277151a9acf9+uncommitted-corpus-build,ACTIVE
N17-20170713-0029,N17,576100898c26d65b2827cbbc401a277151a9acf9+uncommitted-corpus-build,ACTIVE
N17-20170713-0030,N17,576100898c26d65b2827cbbc401a277151a9acf9+uncommitted-corpus-build,ACTIVE
N17-20170713-0031,N17,576100898c26d65b2827cbbc401a277151a9acf9+uncommitted-corpus-build,ACTIVE
N17-20170713-0032,N17,576100898c26d65b2827cbbc401a277151a9acf9+uncommitted-corpus-build,ACTIVE
N17-20170713-0033,N17,576100898c26d65b2827cbbc401a277151a9acf9+uncommitted-corpus-build,ACTIVE
N17-20170713-0034,N17,576100898c26d65b2827cbbc401a277151a9acf9+uncommitted-corpus-build,ACTIVE
N17-20170713-0035,N17,576100898c26d65b2827cbbc401a277151a9acf9+uncommitted-corpus-build,ACTIVE
N17-20170713-0036,N17,576100898c26d65b2827cbbc401a277151a9acf9+uncommitted-corpus-build,ACTIVE
N17-20170713-0037,N17,576100898c26d65b2827cbbc401a277151a9acf9+uncommitted-corpus-build,ACTIVE
N17-20170713-0038,N17,576100898c26d65b2827cbbc401a277151a9acf9+uncommitted-corpus-build,ACTIVE
N17-20170713-0039,N17,576100898c26d65b2827cbbc401a277151a9acf9+uncommitted-corpus-build,ACTIVE
N17-20170713-0040,N17,576100898c26d65b2827cbbc401a277151a9acf9+uncommitted-corpus-build,ACTIVE
N17-20170713-0041,N17,576100898c26d65b2827cbbc401a277151a9acf9+uncommitted-corpus-build,ACTIVE
N18-20180424-0007,N18,576100898c26d65b2827cbbc401a277151a9acf9+uncommitted-corpus-build,ACTIVE
N18-20180424-0008,N18,576100898c26d65b2827cbbc401a277151a9acf9+uncommitted-corpus-build,ACTIVE
N18-20180424-0009,N18,576100898c26d65b2827cbbc401a277151a9acf9+uncommitted-corpus-build,ACTIVE
N18-20180424-0010,N18,576100898c26d65b2827cbbc401a277151a9acf9+uncommitted-corpus-build,ACTIVE
N18-20180424-0011,N18,576100898c26d65b2827cbbc401a277151a9acf9+uncommitted-corpus-build,ACTIVE
N18-20180424-0012,N18,576100898c26d65b2827cbbc401a277151a9acf9+uncommitted-corpus-build,ACTIVE
N18-20180424-0013,N18,576100898c26d65b2827cbbc401a277151a9acf9+uncommitted-corpus-build,ACTIVE
N18-20180424-0014,N18,576100898c26d65b2827cbbc401a277151a9acf9+uncommitted-corpus-build,ACTIVE
N18-20180424-0015,N18,576100898c26d65b2827cbbc401a277151a9acf9+uncommitted-corpus-build,ACTIVE
N18-20180424-0016,N18,576100898c26d65b2827cbbc401a277151a9acf9+uncommitted-corpus-build,ACTIVE
N18-20180424-0017,N18,576100898c26d65b2827cbbc401a277151a9acf9+uncommitted-corpus-build,ACTIVE
N18-20180424-0018,N18,576100898c26d65b2827cbbc401a277151a9acf9+uncommitted-corpus-build,ACTIVE
N18-20180424-0019,N18,576100898c26d65b2827cbbc401a277151a9acf9+uncommitted-corpus-build,ACTIVE
N18-20180424-0020,N18,576100898c26d65b2827cbbc401a277151a9acf9+uncommitted-corpus-build,ACTIVE
N18-20180424-0021,N18,576100898c26d65b2827cbbc401a277151a9acf9+uncommitted-corpus-build,ACTIVE
N18-20180424-0022,N18,576100898c26d65b2827cbbc401a277151a9acf9+uncommitted-corpus-build,ACTIVE
N18-20180424-0023,N18,576100898c26d65b2827cbbc401a277151a9acf9+uncommitted-corpus-build,ACTIVE
N18-20180424-0024,N18,576100898c26d65b2827cbbc401a277151a9acf9+uncommitted-corpus-build,ACTIVE
N18-20180424-0025,N18,576100898c26d65b2827cbbc401a277151a9acf9+uncommitted-corpus-build,ACTIVE
N18-20180424-0026,N18,576100898c26d65b2827cbbc401a277151a9acf9+uncommitted-corpus-build,ACTIVE
N18-20180424-0027,N18,576100898c26d65b2827cbbc401a277151a9acf9+uncommitted-corpus-build,ACTIVE
N18-20180424-0028,N18,576100898c26d65b2827cbbc401a277151a9acf9+uncommitted-corpus-build,ACTIVE
N18-20180424-0029,N18,576100898c26d65b2827cbbc401a277151a9acf9+uncommitted-corpus-build,ACTIVE
N18-20180424-0030,N18,576100898c26d65b2827cbbc401a277151a9acf9+uncommitted-corpus-build,ACTIVE
N18-20180424-0031,N18,576100898c26d65b2827cbbc401a277151a9acf9+uncommitted-corpus-build,ACTIVE
N18-20180424-0032,N18,576100898c26d65b2827cbbc401a277151a9acf9+uncommitted-corpus-build,ACTIVE
N18-20180424-0033,N18,576100898c26d65b2827cbbc401a277151a9acf9+uncommitted-corpus-build,ACTIVE
N18-20180424-0034,N18,576100898c26d65b2827cbbc401a277151a9acf9+uncommitted-corpus-build,ACTIVE
N18-20180424-0035,N18,576100898c26d65b2827cbbc401a277151a9acf9+uncommitted-corpus-build,ACTIVE
N18-20180424-0036,N18,576100898c26d65b2827cbbc401a277151a9acf9+uncommitted-corpus-build,ACTIVE
N18-20180424-0037,N18,576100898c26d65b2827cbbc401a277151a9acf9+uncommitted-corpus-build,ACTIVE
N18-20180424-0038,N18,576100898c26d65b2827cbbc401a277151a9acf9+uncommitted-corpus-build,ACTIVE
N18-20180424-0039,N18,576100898c26d65b2827cbbc401a277151a9acf9+uncommitted-corpus-build,ACTIVE
N18-20180424-0040,N18,576100898c26d65b2827cbbc401a277151a9acf9+uncommitted-corpus-build,ACTIVE
N18-20180424-0041,N18,576100898c26d65b2827cbbc401a277151a9acf9+uncommitted-corpus-build,ACTIVE
N18-20180424-0042,N18,576100898c26d65b2827cbbc401a277151a9acf9+uncommitted-corpus-build,ACTIVE
N18-20180424-0043,N18,576100898c26d65b2827cbbc401a277151a9acf9+uncommitted-corpus-build,ACTIVE
N18-20180424-0044,N18,576100898c26d65b2827cbbc401a277151a9acf9+uncommitted-corpus-build,ACTIVE
N18-20180424-0045,N18,576100898c26d65b2827cbbc401a277151a9acf9+uncommitted-corpus-build,ACTIVE
N18-20180424-0046,N18,576100898c26d65b2827cbbc401a277151a9acf9+uncommitted-corpus-build,ACTIVE
N18-20180424-0047,N18,576100898c26d65b2827cbbc401a277151a9acf9+uncommitted-corpus-build,ACTIVE
N18-20180424-0048,N18,576100898c26d65b2827cbbc401a277151a9acf9+uncommitted-corpus-build,ACTIVE
N18-20180424-0049,N18,576100898c26d65b2827cbbc401a277151a9acf9+uncommitted-corpus-build,ACTIVE
N18-20180424-0050,N18,576100898c26d65b2827cbbc401a277151a9acf9+uncommitted-corpus-build,ACTIVE
N18-20180424-0051,N18,576100898c26d65b2827cbbc401a277151a9acf9+uncommitted-corpus-build,ACTIVE
N18-20180424-0052,N18,576100898c26d65b2827cbbc401a277151a9acf9+uncommitted-corpus-build,ACTIVE
N18-20180424-0053,N18,576100898c26d65b2827cbbc401a277151a9acf9+uncommitted-corpus-build,ACTIVE
N18-20180424-0054,N18,576100898c26d65b2827cbbc401a277151a9acf9+uncommitted-corpus-build,ACTIVE
N18-20180424-0055,N18,576100898c26d65b2827cbbc401a277151a9acf9+uncommitted-corpus-build,ACTIVE
N18-20180424-0056,N18,576100898c26d65b2827cbbc401a277151a9acf9+uncommitted-corpus-build,ACTIVE
N18-20180424-0057,N18,576100898c26d65b2827cbbc401a277151a9acf9+uncommitted-corpus-build,ACTIVE
N18-20180424-0058,N18,576100898c26d65b2827cbbc401a277151a9acf9+uncommitted-corpus-build,ACTIVE
N18-20180424-0059,N18,576100898c26d65b2827cbbc401a277151a9acf9+uncommitted-corpus-build,ACTIVE
N18-20180424-0060,N18,576100898c26d65b2827cbbc401a277151a9acf9+uncommitted-corpus-build,ACTIVE
N18-20180424-0061,N18,576100898c26d65b2827cbbc401a277151a9acf9+uncommitted-corpus-build,ACTIVE
N18-20180424-0062,N18,576100898c26d65b2827cbbc401a277151a9acf9+uncommitted-corpus-build,ACTIVE
N18-20180424-0063,N18,576100898c26d65b2827cbbc401a277151a9acf9+uncommitted-corpus-build,ACTIVE
N18-20180424-0064,N18,576100898c26d65b2827cbbc401a277151a9acf9+uncommitted-corpus-build,ACTIVE
N18-20180424-0065,N18,576100898c26d65b2827cbbc401a277151a9acf9+uncommitted-corpus-build,ACTIVE
N18-20180424-0066,N18,576100898c26d65b2827cbbc401a277151a9acf9+uncommitted-corpus-build,ACTIVE
N18-20180424-0067,N18,576100898c26d65b2827cbbc401a277151a9acf9+uncommitted-corpus-build,ACTIVE
N18-20180424-0068,N18,576100898c26d65b2827cbbc401a277151a9acf9+uncommitted-corpus-build,ACTIVE
N18-20180424-0069,N18,576100898c26d65b2827cbbc401a277151a9acf9+uncommitted-corpus-build,ACTIVE
N18-20180424-0070,N18,576100898c26d65b2827cbbc401a277151a9acf9+uncommitted-corpus-build,ACTIVE
N18-20180424-0071,N18,576100898c26d65b2827cbbc401a277151a9acf9+uncommitted-corpus-build,ACTIVE
N18-20180424-0072,N18,576100898c26d65b2827cbbc401a277151a9acf9+uncommitted-corpus-build,ACTIVE
N18-20180424-0073,N18,576100898c26d65b2827cbbc401a277151a9acf9+uncommitted-corpus-build,ACTIVE
N18-20180424-0074,N18,576100898c26d65b2827cbbc401a277151a9acf9+uncommitted-corpus-build,ACTIVE
N18-20180424-0075,N18,576100898c26d65b2827cbbc401a277151a9acf9+uncommitted-corpus-build,ACTIVE
N18-20180424-0076,N18,576100898c26d65b2827cbbc401a277151a9acf9+uncommitted-corpus-build,ACTIVE
N19-20190228-0139,N19,576100898c26d65b2827cbbc401a277151a9acf9+uncommitted-corpus-build,ACTIVE
N19-20190228-0140,N19,576100898c26d65b2827cbbc401a277151a9acf9+uncommitted-corpus-build,ACTIVE
N19-20190228-0141,N19,576100898c26d65b2827cbbc401a277151a9acf9+uncommitted-corpus-build,ACTIVE
N19-20190228-0142,N19,576100898c26d65b2827cbbc401a277151a9acf9+uncommitted-corpus-build,ACTIVE
N19-20190228-0143,N19,576100898c26d65b2827cbbc401a277151a9acf9+uncommitted-corpus-build,ACTIVE
N19-20190228-0144,N19,576100898c26d65b2827cbbc401a277151a9acf9+uncommitted-corpus-build,ACTIVE
N19-20190228-0145,N19,576100898c26d65b2827cbbc401a277151a9acf9+uncommitted-corpus-build,ACTIVE
N19-20190228-0146,N19,576100898c26d65b2827cbbc401a277151a9acf9+uncommitted-corpus-build,ACTIVE
N19-20190228-0147,N19,576100898c26d65b2827cbbc401a277151a9acf9+uncommitted-corpus-build,ACTIVE
N19-20190228-0148,N19,576100898c26d65b2827cbbc401a277151a9acf9+uncommitted-corpus-build,ACTIVE
N19-20190228-0149,N19,576100898c26d65b2827cbbc401a277151a9acf9+uncommitted-corpus-build,ACTIVE
N19-20190228-0150,N19,576100898c26d65b2827cbbc401a277151a9acf9+uncommitted-corpus-build,ACTIVE
N19-20190228-0151,N19,576100898c26d65b2827cbbc401a277151a9acf9+uncommitted-corpus-build,ACTIVE
N19-20190228-0152,N19,576100898c26d65b2827cbbc401a277151a9acf9+uncommitted-corpus-build,ACTIVE
N19-20190228-0153,N19,576100898c26d65b2827cbbc401a277151a9acf9+uncommitted-corpus-build,ACTIVE
N19-20190228-0154,N19,576100898c26d65b2827cbbc401a277151a9acf9+uncommitted-corpus-build,ACTIVE
N19-20190228-0155,N19,576100898c26d65b2827cbbc401a277151a9acf9+uncommitted-corpus-build,ACTIVE
N19-20190228-0156,N19,576100898c26d65b2827cbbc401a277151a9acf9+uncommitted-corpus-build,ACTIVE
N19-20190228-0157,N19,576100898c26d65b2827cbbc401a277151a9acf9+uncommitted-corpus-build,ACTIVE
N19-20190228-0158,N19,576100898c26d65b2827cbbc401a277151a9acf9+uncommitted-corpus-build,ACTIVE
N19-20190228-0159,N19,576100898c26d65b2827cbbc401a277151a9acf9+uncommitted-corpus-build,ACTIVE
N19-20190228-0160,N19,576100898c26d65b2827cbbc401a277151a9acf9+uncommitted-corpus-build,ACTIVE
N19-20190228-0161,N19,576100898c26d65b2827cbbc401a277151a9acf9+uncommitted-corpus-build,ACTIVE
N19-20190228-0162,N19,576100898c26d65b2827cbbc401a277151a9acf9+uncommitted-corpus-build,ACTIVE
N19-20190228-0163,N19,576100898c26d65b2827cbbc401a277151a9acf9+uncommitted-corpus-build,ACTIVE
N19-20190228-0164,N19,576100898c26d65b2827cbbc401a277151a9acf9+uncommitted-corpus-build,ACTIVE
N19-20190228-0165,N19,576100898c26d65b2827cbbc401a277151a9acf9+uncommitted-corpus-build,ACTIVE
N19-20190228-0166,N19,576100898c26d65b2827cbbc401a277151a9acf9+uncommitted-corpus-build,ACTIVE
N19-20190228-0167,N19,576100898c26d65b2827cbbc401a277151a9acf9+uncommitted-corpus-build,ACTIVE
N19-20190228-0168,N19,576100898c26d65b2827cbbc401a277151a9acf9+uncommitted-corpus-build,ACTIVE
N19-20190228-0169,N19,576100898c26d65b2827cbbc401a277151a9acf9+uncommitted-corpus-build,ACTIVE
N19-20190228-0170,N19,576100898c26d65b2827cbbc401a277151a9acf9+uncommitted-corpus-build,ACTIVE
N19-20190228-0171,N19,576100898c26d65b2827cbbc401a277151a9acf9+uncommitted-corpus-build,ACTIVE
N19-20190228-0172,N19,576100898c26d65b2827cbbc401a277151a9acf9+uncommitted-corpus-build,ACTIVE
N19-20190228-0173,N19,576100898c26d65b2827cbbc401a277151a9acf9+uncommitted-corpus-build,ACTIVE
N19-20190228-0174,N19,576100898c26d65b2827cbbc401a277151a9acf9+uncommitted-corpus-build,ACTIVE
N19-20190228-0175,N19,576100898c26d65b2827cbbc401a277151a9acf9+uncommitted-corpus-build,ACTIVE
N19-20190228-0176,N19,576100898c26d65b2827cbbc401a277151a9acf9+uncommitted-corpus-build,ACTIVE
N19-20190228-0177,N19,576100898c26d65b2827cbbc401a277151a9acf9+uncommitted-corpus-build,ACTIVE
N19-20190228-0178,N19,576100898c26d65b2827cbbc401a277151a9acf9+uncommitted-corpus-build,ACTIVE
N19-20190228-0179,N19,576100898c26d65b2827cbbc401a277151a9acf9+uncommitted-corpus-build,ACTIVE
N19-20190228-0180,N19,576100898c26d65b2827cbbc401a277151a9acf9+uncommitted-corpus-build,ACTIVE
N19-20190228-0181,N19,576100898c26d65b2827cbbc401a277151a9acf9+uncommitted-corpus-build,ACTIVE
N19-20190228-0182,N19,576100898c26d65b2827cbbc401a277151a9acf9+uncommitted-corpus-build,ACTIVE
N19-20190228-0183,N19,576100898c26d65b2827cbbc401a277151a9acf9+uncommitted-corpus-build,ACTIVE
N19-20190228-0184,N19,576100898c26d65b2827cbbc401a277151a9acf9+uncommitted-corpus-build,ACTIVE
N19-20190228-0185,N19,576100898c26d65b2827cbbc401a277151a9acf9+uncommitted-corpus-build,ACTIVE
N19-20190228-0186,N19,576100898c26d65b2827cbbc401a277151a9acf9+uncommitted-corpus-build,ACTIVE
N19-20190228-0187,N19,576100898c26d65b2827cbbc401a277151a9acf9+uncommitted-corpus-build,ACTIVE
N19-20190228-0188,N19,576100898c26d65b2827cbbc401a277151a9acf9+uncommitted-corpus-build,ACTIVE
N19-20190228-0189,N19,576100898c26d65b2827cbbc401a277151a9acf9+uncommitted-corpus-build,ACTIVE
N19-20190228-0190,N19,576100898c26d65b2827cbbc401a277151a9acf9+uncommitted-corpus-build,ACTIVE
N19-20190228-0191,N19,576100898c26d65b2827cbbc401a277151a9acf9+uncommitted-corpus-build,ACTIVE
N19-20190228-0192,N19,576100898c26d65b2827cbbc401a277151a9acf9+uncommitted-corpus-build,ACTIVE
N19-20190228-0193,N19,576100898c26d65b2827cbbc401a277151a9acf9+uncommitted-corpus-build,ACTIVE
N19-20190228-0194,N19,576100898c26d65b2827cbbc401a277151a9acf9+uncommitted-corpus-build,ACTIVE
N19-20190228-0195,N19,576100898c26d65b2827cbbc401a277151a9acf9+uncommitted-corpus-build,ACTIVE
N19-20190228-0196,N19,576100898c26d65b2827cbbc401a277151a9acf9+uncommitted-corpus-build,ACTIVE
N19-20190228-0197,N19,576100898c26d65b2827cbbc401a277151a9acf9+uncommitted-corpus-build,ACTIVE
N19-20190228-0198,N19,576100898c26d65b2827cbbc401a277151a9acf9+uncommitted-corpus-build,ACTIVE
N19-20190228-0199,N19,576100898c26d65b2827cbbc401a277151a9acf9+uncommitted-corpus-build,ACTIVE
N19-20190228-0200,N19,576100898c26d65b2827cbbc401a277151a9acf9+uncommitted-corpus-build,ACTIVE
N19-20190228-0201,N19,576100898c26d65b2827cbbc401a277151a9acf9+uncommitted-corpus-build,ACTIVE
N19-20190228-0202,N19,576100898c26d65b2827cbbc401a277151a9acf9+uncommitted-corpus-build,ACTIVE
N19-20190228-0203,N19,576100898c26d65b2827cbbc401a277151a9acf9+uncommitted-corpus-build,ACTIVE
N19-20190228-0204,N19,576100898c26d65b2827cbbc401a277151a9acf9+uncommitted-corpus-build,ACTIVE
N19-20190228-0205,N19,576100898c26d65b2827cbbc401a277151a9acf9+uncommitted-corpus-build,ACTIVE
N19-20190228-0206,N19,576100898c26d65b2827cbbc401a277151a9acf9+uncommitted-corpus-build,ACTIVE
N19-20190228-0207,N19,576100898c26d65b2827cbbc401a277151a9acf9+uncommitted-corpus-build,ACTIVE
N19-20190228-0208,N19,576100898c26d65b2827cbbc401a277151a9acf9+uncommitted-corpus-build,ACTIVE
N19-20190228-0209,N19,576100898c26d65b2827cbbc401a277151a9acf9+uncommitted-corpus-build,ACTIVE
N19-20190228-0211,N19,576100898c26d65b2827cbbc401a277151a9acf9+uncommitted-corpus-build,ACTIVE
N19-20190228-0212,N19,576100898c26d65b2827cbbc401a277151a9acf9+uncommitted-corpus-build,ACTIVE
N19-20190228-0213,N19,576100898c26d65b2827cbbc401a277151a9acf9+uncommitted-corpus-build,ACTIVE
N19-20190228-0214,N19,576100898c26d65b2827cbbc401a277151a9acf9+uncommitted-corpus-build,ACTIVE
N19-20190228-0215,N19,576100898c26d65b2827cbbc401a277151a9acf9+uncommitted-corpus-build,ACTIVE
N19-20190228-0216,N19,576100898c26d65b2827cbbc401a277151a9acf9+uncommitted-corpus-build,ACTIVE
N19-20190228-0217,N19,576100898c26d65b2827cbbc401a277151a9acf9+uncommitted-corpus-build,ACTIVE
N19-20190228-0218,N19,576100898c26d65b2827cbbc401a277151a9acf9+uncommitted-corpus-build,ACTIVE
N19-20190228-0219,N19,576100898c26d65b2827cbbc401a277151a9acf9+uncommitted-corpus-build,ACTIVE
N19-20190228-0220,N19,576100898c26d65b2827cbbc401a277151a9acf9+uncommitted-corpus-build,ACTIVE
N19-20190228-0221,N19,576100898c26d65b2827cbbc401a277151a9acf9+uncommitted-corpus-build,ACTIVE
N19-20190228-0222,N19,576100898c26d65b2827cbbc401a277151a9acf9+uncommitted-corpus-build,ACTIVE
N19-20190228-0223,N19,576100898c26d65b2827cbbc401a277151a9acf9+uncommitted-corpus-build,ACTIVE
N19-20190228-0224,N19,576100898c26d65b2827cbbc401a277151a9acf9+uncommitted-corpus-build,ACTIVE
N19-20190228-0225,N19,576100898c26d65b2827cbbc401a277151a9acf9+uncommitted-corpus-build,ACTIVE
N19-20190228-0226,N19,576100898c26d65b2827cbbc401a277151a9acf9+uncommitted-corpus-build,ACTIVE
N19-20190228-0227,N19,576100898c26d65b2827cbbc401a277151a9acf9+uncommitted-corpus-build,ACTIVE
N19-20190228-0228,N19,576100898c26d65b2827cbbc401a277151a9acf9+uncommitted-corpus-build,ACTIVE
N19-20190228-0229,N19,576100898c26d65b2827cbbc401a277151a9acf9+uncommitted-corpus-build,ACTIVE
N19-20190228-0230,N19,576100898c26d65b2827cbbc401a277151a9acf9+uncommitted-corpus-build,ACTIVE
N19-20190228-0231,N19,576100898c26d65b2827cbbc401a277151a9acf9+uncommitted-corpus-build,ACTIVE
N19-20190228-0232,N19,576100898c26d65b2827cbbc401a277151a9acf9+uncommitted-corpus-build,ACTIVE
N19-20190228-0233,N19,576100898c26d65b2827cbbc401a277151a9acf9+uncommitted-corpus-build,ACTIVE
N19-20190228-0234,N19,576100898c26d65b2827cbbc401a277151a9acf9+uncommitted-corpus-build,ACTIVE
N19-20190228-0235,N19,576100898c26d65b2827cbbc401a277151a9acf9+uncommitted-corpus-build,ACTIVE
N19-20190228-0236,N19,576100898c26d65b2827cbbc401a277151a9acf9+uncommitted-corpus-build,ACTIVE
N19-20190228-0237,N19,576100898c26d65b2827cbbc401a277151a9acf9+uncommitted-corpus-build,ACTIVE
N19-20190228-0238,N19,576100898c26d65b2827cbbc401a277151a9acf9+uncommitted-corpus-build,ACTIVE
N19-20190228-0239,N19,576100898c26d65b2827cbbc401a277151a9acf9+uncommitted-corpus-build,ACTIVE
N19-20190228-0240,N19,576100898c26d65b2827cbbc401a277151a9acf9+uncommitted-corpus-build,ACTIVE
N19-20190228-0241,N19,576100898c26d65b2827cbbc401a277151a9acf9+uncommitted-corpus-build,ACTIVE
N19-20190228-0242,N19,576100898c26d65b2827cbbc401a277151a9acf9+uncommitted-corpus-build,ACTIVE
N19-20190228-0243,N19,576100898c26d65b2827cbbc401a277151a9acf9+uncommitted-corpus-build,ACTIVE
N19-20190228-0244,N19,576100898c26d65b2827cbbc401a277151a9acf9+uncommitted-corpus-build,ACTIVE
N19-20190228-0245,N19,576100898c26d65b2827cbbc401a277151a9acf9+uncommitted-corpus-build,ACTIVE
N19-20190228-0246,N19,576100898c26d65b2827cbbc401a277151a9acf9+uncommitted-corpus-build,ACTIVE
N19-20190228-0247,N19,576100898c26d65b2827cbbc401a277151a9acf9+uncommitted-corpus-build,ACTIVE
N19-20190228-0248,N19,576100898c26d65b2827cbbc401a277151a9acf9+uncommitted-corpus-build,ACTIVE
N19-20190228-0249,N19,576100898c26d65b2827cbbc401a277151a9acf9+uncommitted-corpus-build,ACTIVE
N19-20190228-0250,N19,576100898c26d65b2827cbbc401a277151a9acf9+uncommitted-corpus-build,ACTIVE
N19-20190228-0251,N19,576100898c26d65b2827cbbc401a277151a9acf9+uncommitted-corpus-build,ACTIVE
N19-20190228-0252,N19,576100898c26d65b2827cbbc401a277151a9acf9+uncommitted-corpus-build,ACTIVE
N19-20190228-0253,N19,576100898c26d65b2827cbbc401a277151a9acf9+uncommitted-corpus-build,ACTIVE
N19-20190228-0254,N19,576100898c26d65b2827cbbc401a277151a9acf9+uncommitted-corpus-build,ACTIVE
N19-20190228-0255,N19,576100898c26d65b2827cbbc401a277151a9acf9+uncommitted-corpus-build,ACTIVE
N19-20190228-0256,N19,576100898c26d65b2827cbbc401a277151a9acf9+uncommitted-corpus-build,ACTIVE
N19-20190228-0257,N19,576100898c26d65b2827cbbc401a277151a9acf9+uncommitted-corpus-build,ACTIVE
N19-20190228-0258,N19,576100898c26d65b2827cbbc401a277151a9acf9+uncommitted-corpus-build,ACTIVE
N19-20190228-0259,N19,576100898c26d65b2827cbbc401a277151a9acf9+uncommitted-corpus-build,ACTIVE
N19-20190228-0260,N19,576100898c26d65b2827cbbc401a277151a9acf9+uncommitted-corpus-build,ACTIVE
N19-20190228-0261,N19,576100898c26d65b2827cbbc401a277151a9acf9+uncommitted-corpus-build,ACTIVE
N19-20190228-0262,N19,576100898c26d65b2827cbbc401a277151a9acf9+uncommitted-corpus-build,ACTIVE
N19-20190228-0263,N19,576100898c26d65b2827cbbc401a277151a9acf9+uncommitted-corpus-build,ACTIVE
N19-20190228-0264,N19,576100898c26d65b2827cbbc401a277151a9acf9+uncommitted-corpus-build,ACTIVE
N19-20190228-0265,N19,576100898c26d65b2827cbbc401a277151a9acf9+uncommitted-corpus-build,ACTIVE
N19-20190228-0266,N19,576100898c26d65b2827cbbc401a277151a9acf9+uncommitted-corpus-build,ACTIVE
N19-20190228-0267,N19,576100898c26d65b2827cbbc401a277151a9acf9+uncommitted-corpus-build,ACTIVE
N19-20190228-0268,N19,576100898c26d65b2827cbbc401a277151a9acf9+uncommitted-corpus-build,ACTIVE
N19-20190228-0269,N19,576100898c26d65b2827cbbc401a277151a9acf9+uncommitted-corpus-build,ACTIVE
N19-20190228-0270,N19,576100898c26d65b2827cbbc401a277151a9acf9+uncommitted-corpus-build,ACTIVE
N19-20190228-0271,N19,576100898c26d65b2827cbbc401a277151a9acf9+uncommitted-corpus-build,ACTIVE
N19-20190228-0272,N19,576100898c26d65b2827cbbc401a277151a9acf9+uncommitted-corpus-build,ACTIVE
N19-20190228-0273,N19,576100898c26d65b2827cbbc401a277151a9acf9+uncommitted-corpus-build,ACTIVE
N19-20190228-0274,N19,576100898c26d65b2827cbbc401a277151a9acf9+uncommitted-corpus-build,ACTIVE
N19-20190228-0275,N19,576100898c26d65b2827cbbc401a277151a9acf9+uncommitted-corpus-build,ACTIVE
N19-20190228-0276,N19,576100898c26d65b2827cbbc401a277151a9acf9+uncommitted-corpus-build,ACTIVE
N19-20190228-0277,N19,576100898c26d65b2827cbbc401a277151a9acf9+uncommitted-corpus-build,ACTIVE
N19-20190228-0278,N19,576100898c26d65b2827cbbc401a277151a9acf9+uncommitted-corpus-build,ACTIVE
N19-20190228-0279,N19,576100898c26d65b2827cbbc401a277151a9acf9+uncommitted-corpus-build,ACTIVE
N19-20190228-0280,N19,576100898c26d65b2827cbbc401a277151a9acf9+uncommitted-corpus-build,ACTIVE
N19-20190228-0281,N19,576100898c26d65b2827cbbc401a277151a9acf9+uncommitted-corpus-build,ACTIVE
N19-20190228-0282,N19,576100898c26d65b2827cbbc401a277151a9acf9+uncommitted-corpus-build,ACTIVE
N19-20190228-0283,N19,576100898c26d65b2827cbbc401a277151a9acf9+uncommitted-corpus-build,ACTIVE
N19-20190228-0284,N19,576100898c26d65b2827cbbc401a277151a9acf9+uncommitted-corpus-build,ACTIVE
N19-20190228-0285,N19,576100898c26d65b2827cbbc401a277151a9acf9+uncommitted-corpus-build,ACTIVE
N19-20190228-0286,N19,576100898c26d65b2827cbbc401a277151a9acf9+uncommitted-corpus-build,ACTIVE
N19-20190228-0287,N19,576100898c26d65b2827cbbc401a277151a9acf9+uncommitted-corpus-build,ACTIVE
N19-20190228-0288,N19,576100898c26d65b2827cbbc401a277151a9acf9+uncommitted-corpus-build,ACTIVE
N19-20190228-0289,N19,576100898c26d65b2827cbbc401a277151a9acf9+uncommitted-corpus-build,ACTIVE
N19-20190228-0290,N19,576100898c26d65b2827cbbc401a277151a9acf9+uncommitted-corpus-build,ACTIVE
N19-20190228-0291,N19,576100898c26d65b2827cbbc401a277151a9acf9+uncommitted-corpus-build,ACTIVE
N19-20190228-0292,N19,576100898c26d65b2827cbbc401a277151a9acf9+uncommitted-corpus-build,ACTIVE
N19-20191114-0007,N19,576100898c26d65b2827cbbc401a277151a9acf9+uncommitted-corpus-build,ACTIVE
N19-20191114-0008,N19,576100898c26d65b2827cbbc401a277151a9acf9+uncommitted-corpus-build,ACTIVE
N19-20191114-0009,N19,576100898c26d65b2827cbbc401a277151a9acf9+uncommitted-corpus-build,ACTIVE
N19-20191114-0010,N19,576100898c26d65b2827cbbc401a277151a9acf9+uncommitted-corpus-build,ACTIVE
N19-20191114-0011,N19,576100898c26d65b2827cbbc401a277151a9acf9+uncommitted-corpus-build,ACTIVE
N19-20191114-0012,N19,576100898c26d65b2827cbbc401a277151a9acf9+uncommitted-corpus-build,ACTIVE
N19-20191114-0013,N19,576100898c26d65b2827cbbc401a277151a9acf9+uncommitted-corpus-build,ACTIVE
N19-20191114-0014,N19,576100898c26d65b2827cbbc401a277151a9acf9+uncommitted-corpus-build,ACTIVE
N19-20191114-0015,N19,576100898c26d65b2827cbbc401a277151a9acf9+uncommitted-corpus-build,ACTIVE
N19-20191114-0016,N19,576100898c26d65b2827cbbc401a277151a9acf9+uncommitted-corpus-build,ACTIVE
N19-20191114-0017,N19,576100898c26d65b2827cbbc401a277151a9acf9+uncommitted-corpus-build,ACTIVE
N19-20191114-0018,N19,576100898c26d65b2827cbbc401a277151a9acf9+uncommitted-corpus-build,ACTIVE
N19-20191114-0019,N19,576100898c26d65b2827cbbc401a277151a9acf9+uncommitted-corpus-build,ACTIVE
N19-20191114-0020,N19,576100898c26d65b2827cbbc401a277151a9acf9+uncommitted-corpus-build,ACTIVE
N19-20191114-0021,N19,576100898c26d65b2827cbbc401a277151a9acf9+uncommitted-corpus-build,ACTIVE
N19-20191114-0022,N19,576100898c26d65b2827cbbc401a277151a9acf9+uncommitted-corpus-build,ACTIVE
N19-20191114-0023,N19,576100898c26d65b2827cbbc401a277151a9acf9+uncommitted-corpus-build,ACTIVE
N19-20191114-0024,N19,576100898c26d65b2827cbbc401a277151a9acf9+uncommitted-corpus-build,ACTIVE
N19-20191114-0025,N19,576100898c26d65b2827cbbc401a277151a9acf9+uncommitted-corpus-build,ACTIVE
N19-20191114-0026,N19,576100898c26d65b2827cbbc401a277151a9acf9+uncommitted-corpus-build,ACTIVE
N19-20191114-0027,N19,576100898c26d65b2827cbbc401a277151a9acf9+uncommitted-corpus-build,ACTIVE
N19-20191114-0028,N19,576100898c26d65b2827cbbc401a277151a9acf9+uncommitted-corpus-build,ACTIVE
N19-20191114-0029,N19,576100898c26d65b2827cbbc401a277151a9acf9+uncommitted-corpus-build,ACTIVE
N19-20191114-0030,N19,576100898c26d65b2827cbbc401a277151a9acf9+uncommitted-corpus-build,ACTIVE
N19-20191114-0031,N19,576100898c26d65b2827cbbc401a277151a9acf9+uncommitted-corpus-build,ACTIVE
N19-20191114-0032,N19,576100898c26d65b2827cbbc401a277151a9acf9+uncommitted-corpus-build,ACTIVE
N19-20191114-0033,N19,576100898c26d65b2827cbbc401a277151a9acf9+uncommitted-corpus-build,ACTIVE
N19-20191114-0034,N19,576100898c26d65b2827cbbc401a277151a9acf9+uncommitted-corpus-build,ACTIVE
N19-20191114-0035,N19,576100898c26d65b2827cbbc401a277151a9acf9+uncommitted-corpus-build,ACTIVE
N19-20191114-0036,N19,576100898c26d65b2827cbbc401a277151a9acf9+uncommitted-corpus-build,ACTIVE
N19-20191114-0037,N19,576100898c26d65b2827cbbc401a277151a9acf9+uncommitted-corpus-build,ACTIVE
N19-20191114-0038,N19,576100898c26d65b2827cbbc401a277151a9acf9+uncommitted-corpus-build,ACTIVE
N19-20191114-0039,N19,576100898c26d65b2827cbbc401a277151a9acf9+uncommitted-corpus-build,ACTIVE
N19-20191114-0040,N19,576100898c26d65b2827cbbc401a277151a9acf9+uncommitted-corpus-build,ACTIVE
N19-20191114-0041,N19,576100898c26d65b2827cbbc401a277151a9acf9+uncommitted-corpus-build,ACTIVE
N19-20191114-0042,N19,576100898c26d65b2827cbbc401a277151a9acf9+uncommitted-corpus-build,ACTIVE
N19-20191114-0043,N19,576100898c26d65b2827cbbc401a277151a9acf9+uncommitted-corpus-build,ACTIVE
N19-20191114-0044,N19,576100898c26d65b2827cbbc401a277151a9acf9+uncommitted-corpus-build,ACTIVE
N19-20191114-0045,N19,576100898c26d65b2827cbbc401a277151a9acf9+uncommitted-corpus-build,ACTIVE
N19-20191114-0046,N19,576100898c26d65b2827cbbc401a277151a9acf9+uncommitted-corpus-build,ACTIVE
N19-20191114-0047,N19,576100898c26d65b2827cbbc401a277151a9acf9+uncommitted-corpus-build,ACTIVE
N19-20191114-0048,N19,576100898c26d65b2827cbbc401a277151a9acf9+uncommitted-corpus-build,ACTIVE
N19-20191114-0049,N19,576100898c26d65b2827cbbc401a277151a9acf9+uncommitted-corpus-build,ACTIVE
N19-20191114-0050,N19,576100898c26d65b2827cbbc401a277151a9acf9+uncommitted-corpus-build,ACTIVE
N19-20191114-0051,N19,576100898c26d65b2827cbbc401a277151a9acf9+uncommitted-corpus-build,ACTIVE
N19-20191114-0052,N19,576100898c26d65b2827cbbc401a277151a9acf9+uncommitted-corpus-build,ACTIVE
N19-20191114-0053,N19,576100898c26d65b2827cbbc401a277151a9acf9+uncommitted-corpus-build,ACTIVE
N19-20191114-0054,N19,576100898c26d65b2827cbbc401a277151a9acf9+uncommitted-corpus-build,ACTIVE
N19-20191114-0055,N19,576100898c26d65b2827cbbc401a277151a9acf9+uncommitted-corpus-build,ACTIVE
N19-20191114-0056,N19,576100898c26d65b2827cbbc401a277151a9acf9+uncommitted-corpus-build,ACTIVE
N19-20191114-0057,N19,576100898c26d65b2827cbbc401a277151a9acf9+uncommitted-corpus-build,ACTIVE
N19-20191114-0058,N19,576100898c26d65b2827cbbc401a277151a9acf9+uncommitted-corpus-build,ACTIVE
N19-20191114-0059,N19,576100898c26d65b2827cbbc401a277151a9acf9+uncommitted-corpus-build,ACTIVE
N19-20191114-0060,N19,576100898c26d65b2827cbbc401a277151a9acf9+uncommitted-corpus-build,ACTIVE
N19-20191114-0061,N19,576100898c26d65b2827cbbc401a277151a9acf9+uncommitted-corpus-build,ACTIVE
N19-20191114-0062,N19,576100898c26d65b2827cbbc401a277151a9acf9+uncommitted-corpus-build,ACTIVE
N19-20191114-0063,N19,576100898c26d65b2827cbbc401a277151a9acf9+uncommitted-corpus-build,ACTIVE
N19-20191114-0064,N19,576100898c26d65b2827cbbc401a277151a9acf9+uncommitted-corpus-build,ACTIVE
N19-20191114-0065,N19,576100898c26d65b2827cbbc401a277151a9acf9+uncommitted-corpus-build,ACTIVE
N19-20191114-0066,N19,576100898c26d65b2827cbbc401a277151a9acf9+uncommitted-corpus-build,ACTIVE
N19-20191114-0067,N19,576100898c26d65b2827cbbc401a277151a9acf9+uncommitted-corpus-build,ACTIVE
N19-20191114-0068,N19,576100898c26d65b2827cbbc401a277151a9acf9+uncommitted-corpus-build,ACTIVE
N19-20191114-0069,N19,576100898c26d65b2827cbbc401a277151a9acf9+uncommitted-corpus-build,ACTIVE
N19-20191114-0070,N19,576100898c26d65b2827cbbc401a277151a9acf9+uncommitted-corpus-build,ACTIVE
N19-20191114-0071,N19,576100898c26d65b2827cbbc401a277151a9acf9+uncommitted-corpus-build,ACTIVE
N19-20191114-0072,N19,576100898c26d65b2827cbbc401a277151a9acf9+uncommitted-corpus-build,ACTIVE
N19-20191114-0073,N19,576100898c26d65b2827cbbc401a277151a9acf9+uncommitted-corpus-build,ACTIVE
N19-20191114-0074,N19,576100898c26d65b2827cbbc401a277151a9acf9+uncommitted-corpus-build,ACTIVE
N19-20191114-0075,N19,576100898c26d65b2827cbbc401a277151a9acf9+uncommitted-corpus-build,ACTIVE
N19-20191114-0076,N19,576100898c26d65b2827cbbc401a277151a9acf9+uncommitted-corpus-build,ACTIVE
N19-20191114-0077,N19,576100898c26d65b2827cbbc401a277151a9acf9+uncommitted-corpus-build,ACTIVE
N19-20191114-0078,N19,576100898c26d65b2827cbbc401a277151a9acf9+uncommitted-corpus-build,ACTIVE
N19-20191114-0079,N19,576100898c26d65b2827cbbc401a277151a9acf9+uncommitted-corpus-build,ACTIVE
N19-20191114-0080,N19,576100898c26d65b2827cbbc401a277151a9acf9+uncommitted-corpus-build,ACTIVE
N19-20191114-0081,N19,576100898c26d65b2827cbbc401a277151a9acf9+uncommitted-corpus-build,ACTIVE
N19-20191114-0082,N19,576100898c26d65b2827cbbc401a277151a9acf9+uncommitted-corpus-build,ACTIVE
N19-20191114-0083,N19,576100898c26d65b2827cbbc401a277151a9acf9+uncommitted-corpus-build,ACTIVE
N19-20191114-0084,N19,576100898c26d65b2827cbbc401a277151a9acf9+uncommitted-corpus-build,ACTIVE
N19-20191114-0085,N19,576100898c26d65b2827cbbc401a277151a9acf9+uncommitted-corpus-build,ACTIVE
N19-20191114-0086,N19,576100898c26d65b2827cbbc401a277151a9acf9+uncommitted-corpus-build,ACTIVE
N19-20191114-0087,N19,576100898c26d65b2827cbbc401a277151a9acf9+uncommitted-corpus-build,ACTIVE
N19-20191114-0088,N19,576100898c26d65b2827cbbc401a277151a9acf9+uncommitted-corpus-build,ACTIVE
N19-20191114-0089,N19,576100898c26d65b2827cbbc401a277151a9acf9+uncommitted-corpus-build,ACTIVE
N19-20191114-0090,N19,576100898c26d65b2827cbbc401a277151a9acf9+uncommitted-corpus-build,ACTIVE
N19-20191114-0091,N19,576100898c26d65b2827cbbc401a277151a9acf9+uncommitted-corpus-build,ACTIVE
N19-20191114-0092,N19,576100898c26d65b2827cbbc401a277151a9acf9+uncommitted-corpus-build,ACTIVE
N19-20191114-0093,N19,576100898c26d65b2827cbbc401a277151a9acf9+uncommitted-corpus-build,ACTIVE
N19-20191114-0094,N19,576100898c26d65b2827cbbc401a277151a9acf9+uncommitted-corpus-build,ACTIVE
N19-20191114-0095,N19,576100898c26d65b2827cbbc401a277151a9acf9+uncommitted-corpus-build,ACTIVE
N19-20191114-0096,N19,576100898c26d65b2827cbbc401a277151a9acf9+uncommitted-corpus-build,ACTIVE
N19-20191114-0097,N19,576100898c26d65b2827cbbc401a277151a9acf9+uncommitted-corpus-build,ACTIVE
N19-20191114-0098,N19,576100898c26d65b2827cbbc401a277151a9acf9+uncommitted-corpus-build,ACTIVE
N19-20191114-0099,N19,576100898c26d65b2827cbbc401a277151a9acf9+uncommitted-corpus-build,ACTIVE
N19-20191114-0100,N19,576100898c26d65b2827cbbc401a277151a9acf9+uncommitted-corpus-build,ACTIVE
N19-20191114-0101,N19,576100898c26d65b2827cbbc401a277151a9acf9+uncommitted-corpus-build,ACTIVE
N19-20191114-0102,N19,576100898c26d65b2827cbbc401a277151a9acf9+uncommitted-corpus-build,ACTIVE
N19-20191114-0103,N19,576100898c26d65b2827cbbc401a277151a9acf9+uncommitted-corpus-build,ACTIVE
N19-20191114-0104,N19,576100898c26d65b2827cbbc401a277151a9acf9+uncommitted-corpus-build,ACTIVE
N19-20191114-0105,N19,576100898c26d65b2827cbbc401a277151a9acf9+uncommitted-corpus-build,ACTIVE
N19-20191114-0106,N19,576100898c26d65b2827cbbc401a277151a9acf9+uncommitted-corpus-build,ACTIVE
N19-20191114-0107,N19,576100898c26d65b2827cbbc401a277151a9acf9+uncommitted-corpus-build,ACTIVE
N19-20191114-0108,N19,576100898c26d65b2827cbbc401a277151a9acf9+uncommitted-corpus-build,ACTIVE
N19-20191114-0109,N19,576100898c26d65b2827cbbc401a277151a9acf9+uncommitted-corpus-build,ACTIVE
N19-20191114-0110,N19,576100898c26d65b2827cbbc401a277151a9acf9+uncommitted-corpus-build,ACTIVE
N19-20191114-0111,N19,576100898c26d65b2827cbbc401a277151a9acf9+uncommitted-corpus-build,ACTIVE
N19-20191114-0112,N19,576100898c26d65b2827cbbc401a277151a9acf9+uncommitted-corpus-build,ACTIVE
N19-20191114-0113,N19,576100898c26d65b2827cbbc401a277151a9acf9+uncommitted-corpus-build,ACTIVE
N19-20191114-0114,N19,576100898c26d65b2827cbbc401a277151a9acf9+uncommitted-corpus-build,ACTIVE
N19-20191114-0115,N19,576100898c26d65b2827cbbc401a277151a9acf9+uncommitted-corpus-build,ACTIVE
N19-20191114-0116,N19,576100898c26d65b2827cbbc401a277151a9acf9+uncommitted-corpus-build,ACTIVE
N19-20191114-0117,N19,576100898c26d65b2827cbbc401a277151a9acf9+uncommitted-corpus-build,ACTIVE
N19-20191114-0118,N19,576100898c26d65b2827cbbc401a277151a9acf9+uncommitted-corpus-build,ACTIVE
N19-20191114-0119,N19,576100898c26d65b2827cbbc401a277151a9acf9+uncommitted-corpus-build,ACTIVE
N19-20191114-0120,N19,576100898c26d65b2827cbbc401a277151a9acf9+uncommitted-corpus-build,ACTIVE
N19-20191114-0121,N19,576100898c26d65b2827cbbc401a277151a9acf9+uncommitted-corpus-build,ACTIVE
N19-20191114-0122,N19,576100898c26d65b2827cbbc401a277151a9acf9+uncommitted-corpus-build,ACTIVE
N19-20191114-0123,N19,576100898c26d65b2827cbbc401a277151a9acf9+uncommitted-corpus-build,ACTIVE
N19-20191114-0124,N19,576100898c26d65b2827cbbc401a277151a9acf9+uncommitted-corpus-build,ACTIVE
N19-20191114-0125,N19,576100898c26d65b2827cbbc401a277151a9acf9+uncommitted-corpus-build,ACTIVE
N19-20191114-0126,N19,576100898c26d65b2827cbbc401a277151a9acf9+uncommitted-corpus-build,ACTIVE
N19-20191114-0127,N19,576100898c26d65b2827cbbc401a277151a9acf9+uncommitted-corpus-build,ACTIVE
N19-20191114-0128,N19,576100898c26d65b2827cbbc401a277151a9acf9+uncommitted-corpus-build,ACTIVE
N19-20191114-0129,N19,576100898c26d65b2827cbbc401a277151a9acf9+uncommitted-corpus-build,ACTIVE
N19-20191114-0130,N19,576100898c26d65b2827cbbc401a277151a9acf9+uncommitted-corpus-build,ACTIVE
N19-20191114-0131,N19,576100898c26d65b2827cbbc401a277151a9acf9+uncommitted-corpus-build,ACTIVE
N19-20191114-0132,N19,576100898c26d65b2827cbbc401a277151a9acf9+uncommitted-corpus-build,ACTIVE
N19-20191114-0133,N19,576100898c26d65b2827cbbc401a277151a9acf9+uncommitted-corpus-build,ACTIVE
N19-20191114-0134,N19,576100898c26d65b2827cbbc401a277151a9acf9+uncommitted-corpus-build,ACTIVE
N19-20191114-0135,N19,576100898c26d65b2827cbbc401a277151a9acf9+uncommitted-corpus-build,ACTIVE
N19-20191114-0136,N19,576100898c26d65b2827cbbc401a277151a9acf9+uncommitted-corpus-build,ACTIVE
N19-20191114-0137,N19,576100898c26d65b2827cbbc401a277151a9acf9+uncommitted-corpus-build,ACTIVE
N19-20191114-0138,N19,576100898c26d65b2827cbbc401a277151a9acf9+uncommitted-corpus-build,ACTIVE
N19-20191114-0139,N19,576100898c26d65b2827cbbc401a277151a9acf9+uncommitted-corpus-build,ACTIVE
N20-20201008-0007,N20,576100898c26d65b2827cbbc401a277151a9acf9+uncommitted-corpus-build,ACTIVE
N20-20201008-0008,N20,576100898c26d65b2827cbbc401a277151a9acf9+uncommitted-corpus-build,ACTIVE
N20-20201008-0009,N20,576100898c26d65b2827cbbc401a277151a9acf9+uncommitted-corpus-build,ACTIVE
N20-20201008-0010,N20,576100898c26d65b2827cbbc401a277151a9acf9+uncommitted-corpus-build,ACTIVE
N20-20201008-0011,N20,576100898c26d65b2827cbbc401a277151a9acf9+uncommitted-corpus-build,ACTIVE
N20-20201008-0012,N20,576100898c26d65b2827cbbc401a277151a9acf9+uncommitted-corpus-build,ACTIVE
N20-20201008-0013,N20,576100898c26d65b2827cbbc401a277151a9acf9+uncommitted-corpus-build,ACTIVE
N20-20201008-0014,N20,576100898c26d65b2827cbbc401a277151a9acf9+uncommitted-corpus-build,ACTIVE
N20-20201008-0015,N20,576100898c26d65b2827cbbc401a277151a9acf9+uncommitted-corpus-build,ACTIVE
N20-20201008-0016,N20,576100898c26d65b2827cbbc401a277151a9acf9+uncommitted-corpus-build,ACTIVE
N20-20201008-0017,N20,576100898c26d65b2827cbbc401a277151a9acf9+uncommitted-corpus-build,ACTIVE
N20-20201008-0018,N20,576100898c26d65b2827cbbc401a277151a9acf9+uncommitted-corpus-build,ACTIVE
N20-20201008-0019,N20,576100898c26d65b2827cbbc401a277151a9acf9+uncommitted-corpus-build,ACTIVE
N20-20201008-0020,N20,576100898c26d65b2827cbbc401a277151a9acf9+uncommitted-corpus-build,ACTIVE
N20-20201008-0021,N20,576100898c26d65b2827cbbc401a277151a9acf9+uncommitted-corpus-build,ACTIVE
N20-20201008-0022,N20,576100898c26d65b2827cbbc401a277151a9acf9+uncommitted-corpus-build,ACTIVE
N20-20201008-0023,N20,576100898c26d65b2827cbbc401a277151a9acf9+uncommitted-corpus-build,ACTIVE
N20-20201008-0024,N20,576100898c26d65b2827cbbc401a277151a9acf9+uncommitted-corpus-build,ACTIVE
N20-20201008-0025,N20,576100898c26d65b2827cbbc401a277151a9acf9+uncommitted-corpus-build,ACTIVE
N20-20201008-0026,N20,576100898c26d65b2827cbbc401a277151a9acf9+uncommitted-corpus-build,ACTIVE
N20-20201008-0027,N20,576100898c26d65b2827cbbc401a277151a9acf9+uncommitted-corpus-build,ACTIVE
N20-20201008-0028,N20,576100898c26d65b2827cbbc401a277151a9acf9+uncommitted-corpus-build,ACTIVE
N20-20201008-0029,N20,576100898c26d65b2827cbbc401a277151a9acf9+uncommitted-corpus-build,ACTIVE
N20-20201008-0030,N20,576100898c26d65b2827cbbc401a277151a9acf9+uncommitted-corpus-build,ACTIVE
N20-20201008-0031,N20,576100898c26d65b2827cbbc401a277151a9acf9+uncommitted-corpus-build,ACTIVE
N20-20201008-0032,N20,576100898c26d65b2827cbbc401a277151a9acf9+uncommitted-corpus-build,ACTIVE
N20-20201008-0033,N20,576100898c26d65b2827cbbc401a277151a9acf9+uncommitted-corpus-build,ACTIVE
N20-20201008-0034,N20,576100898c26d65b2827cbbc401a277151a9acf9+uncommitted-corpus-build,ACTIVE
N20-20201008-0035,N20,576100898c26d65b2827cbbc401a277151a9acf9+uncommitted-corpus-build,ACTIVE
N20-20201008-0036,N20,576100898c26d65b2827cbbc401a277151a9acf9+uncommitted-corpus-build,ACTIVE
N20-20201008-0037,N20,576100898c26d65b2827cbbc401a277151a9acf9+uncommitted-corpus-build,ACTIVE
N20-20201008-0038,N20,576100898c26d65b2827cbbc401a277151a9acf9+uncommitted-corpus-build,ACTIVE
N20-20201008-0039,N20,576100898c26d65b2827cbbc401a277151a9acf9+uncommitted-corpus-build,ACTIVE
N20-20201008-0040,N20,576100898c26d65b2827cbbc401a277151a9acf9+uncommitted-corpus-build,ACTIVE
N20-20201008-0041,N20,576100898c26d65b2827cbbc401a277151a9acf9+uncommitted-corpus-build,ACTIVE
N20-20201008-0042,N20,576100898c26d65b2827cbbc401a277151a9acf9+uncommitted-corpus-build,ACTIVE
N20-20201008-0043,N20,576100898c26d65b2827cbbc401a277151a9acf9+uncommitted-corpus-build,ACTIVE
N20-20201008-0044,N20,576100898c26d65b2827cbbc401a277151a9acf9+uncommitted-corpus-build,ACTIVE
N20-20201008-0045,N20,576100898c26d65b2827cbbc401a277151a9acf9+uncommitted-corpus-build,ACTIVE
N20-20201008-0046,N20,576100898c26d65b2827cbbc401a277151a9acf9+uncommitted-corpus-build,ACTIVE
N20-20201008-0047,N20,576100898c26d65b2827cbbc401a277151a9acf9+uncommitted-corpus-build,ACTIVE
N20-20201008-0048,N20,576100898c26d65b2827cbbc401a277151a9acf9+uncommitted-corpus-build,ACTIVE
N20-20201008-0049,N20,576100898c26d65b2827cbbc401a277151a9acf9+uncommitted-corpus-build,ACTIVE
N20-20201008-0050,N20,576100898c26d65b2827cbbc401a277151a9acf9+uncommitted-corpus-build,ACTIVE
N20-20201008-0051,N20,576100898c26d65b2827cbbc401a277151a9acf9+uncommitted-corpus-build,ACTIVE
N20-20201008-0052,N20,576100898c26d65b2827cbbc401a277151a9acf9+uncommitted-corpus-build,ACTIVE
N20-20201008-0053,N20,576100898c26d65b2827cbbc401a277151a9acf9+uncommitted-corpus-build,ACTIVE
N20-20201008-0054,N20,576100898c26d65b2827cbbc401a277151a9acf9+uncommitted-corpus-build,ACTIVE
N20-20201008-0055,N20,576100898c26d65b2827cbbc401a277151a9acf9+uncommitted-corpus-build,ACTIVE
N20-20201008-0056,N20,576100898c26d65b2827cbbc401a277151a9acf9+uncommitted-corpus-build,ACTIVE
N20-20201008-0057,N20,576100898c26d65b2827cbbc401a277151a9acf9+uncommitted-corpus-build,ACTIVE
N20-20201008-0058,N20,576100898c26d65b2827cbbc401a277151a9acf9+uncommitted-corpus-build,ACTIVE
N20-20201008-0059,N20,576100898c26d65b2827cbbc401a277151a9acf9+uncommitted-corpus-build,ACTIVE
N20-20201008-0060,N20,576100898c26d65b2827cbbc401a277151a9acf9+uncommitted-corpus-build,ACTIVE
N20-20201008-0061,N20,576100898c26d65b2827cbbc401a277151a9acf9+uncommitted-corpus-build,ACTIVE
N20-20201008-0062,N20,576100898c26d65b2827cbbc401a277151a9acf9+uncommitted-corpus-build,ACTIVE
N20-20201008-0063,N20,576100898c26d65b2827cbbc401a277151a9acf9+uncommitted-corpus-build,ACTIVE
N20-20201008-0064,N20,576100898c26d65b2827cbbc401a277151a9acf9+uncommitted-corpus-build,ACTIVE
N20-20201008-0065,N20,576100898c26d65b2827cbbc401a277151a9acf9+uncommitted-corpus-build,ACTIVE
N20-20201008-0066,N20,576100898c26d65b2827cbbc401a277151a9acf9+uncommitted-corpus-build,ACTIVE
N20-20201008-0067,N20,576100898c26d65b2827cbbc401a277151a9acf9+uncommitted-corpus-build,ACTIVE
N20-20201008-0068,N20,576100898c26d65b2827cbbc401a277151a9acf9+uncommitted-corpus-build,ACTIVE
N20-20201008-0069,N20,576100898c26d65b2827cbbc401a277151a9acf9+uncommitted-corpus-build,ACTIVE
N20-20201008-0070,N20,576100898c26d65b2827cbbc401a277151a9acf9+uncommitted-corpus-build,ACTIVE
N20-20201008-0071,N20,576100898c26d65b2827cbbc401a277151a9acf9+uncommitted-corpus-build,ACTIVE
N20-20201008-0072,N20,576100898c26d65b2827cbbc401a277151a9acf9+uncommitted-corpus-build,ACTIVE
N20-20201008-0073,N20,576100898c26d65b2827cbbc401a277151a9acf9+uncommitted-corpus-build,ACTIVE
N20-20201008-0074,N20,576100898c26d65b2827cbbc401a277151a9acf9+uncommitted-corpus-build,ACTIVE
N21-20211027-0007,N21,576100898c26d65b2827cbbc401a277151a9acf9+uncommitted-corpus-build,ACTIVE
N21-20211027-0008,N21,576100898c26d65b2827cbbc401a277151a9acf9+uncommitted-corpus-build,ACTIVE
N21-20211027-0009,N21,576100898c26d65b2827cbbc401a277151a9acf9+uncommitted-corpus-build,ACTIVE
N21-20211027-0010,N21,576100898c26d65b2827cbbc401a277151a9acf9+uncommitted-corpus-build,ACTIVE
N21-20211027-0011,N21,576100898c26d65b2827cbbc401a277151a9acf9+uncommitted-corpus-build,ACTIVE
N21-20211027-0012,N21,576100898c26d65b2827cbbc401a277151a9acf9+uncommitted-corpus-build,ACTIVE
N21-20211027-0013,N21,576100898c26d65b2827cbbc401a277151a9acf9+uncommitted-corpus-build,ACTIVE
N21-20211027-0014,N21,576100898c26d65b2827cbbc401a277151a9acf9+uncommitted-corpus-build,ACTIVE
N21-20211027-0015,N21,576100898c26d65b2827cbbc401a277151a9acf9+uncommitted-corpus-build,ACTIVE
N21-20211027-0016,N21,576100898c26d65b2827cbbc401a277151a9acf9+uncommitted-corpus-build,ACTIVE
N21-20211027-0017,N21,576100898c26d65b2827cbbc401a277151a9acf9+uncommitted-corpus-build,ACTIVE
N21-20211027-0018,N21,576100898c26d65b2827cbbc401a277151a9acf9+uncommitted-corpus-build,ACTIVE
N21-20211027-0019,N21,576100898c26d65b2827cbbc401a277151a9acf9+uncommitted-corpus-build,ACTIVE
N21-20211027-0020,N21,576100898c26d65b2827cbbc401a277151a9acf9+uncommitted-corpus-build,ACTIVE
N21-20211027-0021,N21,576100898c26d65b2827cbbc401a277151a9acf9+uncommitted-corpus-build,ACTIVE
N21-20211027-0022,N21,576100898c26d65b2827cbbc401a277151a9acf9+uncommitted-corpus-build,ACTIVE
N21-20211027-0023,N21,576100898c26d65b2827cbbc401a277151a9acf9+uncommitted-corpus-build,ACTIVE
N21-20211027-0024,N21,576100898c26d65b2827cbbc401a277151a9acf9+uncommitted-corpus-build,ACTIVE
N21-20211027-0025,N21,576100898c26d65b2827cbbc401a277151a9acf9+uncommitted-corpus-build,ACTIVE
N21-20211027-0026,N21,576100898c26d65b2827cbbc401a277151a9acf9+uncommitted-corpus-build,ACTIVE
N21-20211027-0027,N21,576100898c26d65b2827cbbc401a277151a9acf9+uncommitted-corpus-build,ACTIVE
N21-20211027-0028,N21,576100898c26d65b2827cbbc401a277151a9acf9+uncommitted-corpus-build,ACTIVE
N21-20211027-0029,N21,576100898c26d65b2827cbbc401a277151a9acf9+uncommitted-corpus-build,ACTIVE
N21-20211027-0030,N21,576100898c26d65b2827cbbc401a277151a9acf9+uncommitted-corpus-build,ACTIVE
N21-20211027-0031,N21,576100898c26d65b2827cbbc401a277151a9acf9+uncommitted-corpus-build,ACTIVE
N21-20211027-0032,N21,576100898c26d65b2827cbbc401a277151a9acf9+uncommitted-corpus-build,ACTIVE
N21-20211027-0033,N21,576100898c26d65b2827cbbc401a277151a9acf9+uncommitted-corpus-build,ACTIVE
N21-20211027-0034,N21,576100898c26d65b2827cbbc401a277151a9acf9+uncommitted-corpus-build,ACTIVE
N21-20211027-0035,N21,576100898c26d65b2827cbbc401a277151a9acf9+uncommitted-corpus-build,ACTIVE
N21-20211027-0036,N21,576100898c26d65b2827cbbc401a277151a9acf9+uncommitted-corpus-build,ACTIVE
N21-20211027-0037,N21,576100898c26d65b2827cbbc401a277151a9acf9+uncommitted-corpus-build,ACTIVE
N21-20211027-0038,N21,576100898c26d65b2827cbbc401a277151a9acf9+uncommitted-corpus-build,ACTIVE
N21-20211027-0039,N21,576100898c26d65b2827cbbc401a277151a9acf9+uncommitted-corpus-build,ACTIVE
N21-20211027-0040,N21,576100898c26d65b2827cbbc401a277151a9acf9+uncommitted-corpus-build,ACTIVE
N21-20211027-0041,N21,576100898c26d65b2827cbbc401a277151a9acf9+uncommitted-corpus-build,ACTIVE
N21-20211027-0042,N21,576100898c26d65b2827cbbc401a277151a9acf9+uncommitted-corpus-build,ACTIVE
N21-20211027-0043,N21,576100898c26d65b2827cbbc401a277151a9acf9+uncommitted-corpus-build,ACTIVE
N21-20211027-0044,N21,576100898c26d65b2827cbbc401a277151a9acf9+uncommitted-corpus-build,ACTIVE
N21-20211027-0045,N21,576100898c26d65b2827cbbc401a277151a9acf9+uncommitted-corpus-build,ACTIVE
N22-GEN-0007,N22,576100898c26d65b2827cbbc401a277151a9acf9+uncommitted-corpus-build,ACTIVE
N22-GEN-0008,N22,576100898c26d65b2827cbbc401a277151a9acf9+uncommitted-corpus-build,ACTIVE
N22-GEN-0009,N22,576100898c26d65b2827cbbc401a277151a9acf9+uncommitted-corpus-build,ACTIVE
N22-GEN-0010,N22,576100898c26d65b2827cbbc401a277151a9acf9+uncommitted-corpus-build,ACTIVE
N22-GEN-0011,N22,576100898c26d65b2827cbbc401a277151a9acf9+uncommitted-corpus-build,ACTIVE
N22-GEN-0012,N22,576100898c26d65b2827cbbc401a277151a9acf9+uncommitted-corpus-build,ACTIVE
N22-GEN-0013,N22,576100898c26d65b2827cbbc401a277151a9acf9+uncommitted-corpus-build,ACTIVE
N22-GEN-0014,N22,576100898c26d65b2827cbbc401a277151a9acf9+uncommitted-corpus-build,ACTIVE
N22-GEN-0015,N22,576100898c26d65b2827cbbc401a277151a9acf9+uncommitted-corpus-build,ACTIVE
N22-GEN-0016,N22,576100898c26d65b2827cbbc401a277151a9acf9+uncommitted-corpus-build,ACTIVE
N22-GEN-0017,N22,576100898c26d65b2827cbbc401a277151a9acf9+uncommitted-corpus-build,ACTIVE
N22-GEN-0018,N22,576100898c26d65b2827cbbc401a277151a9acf9+uncommitted-corpus-build,ACTIVE
N22-GEN-0019,N22,576100898c26d65b2827cbbc401a277151a9acf9+uncommitted-corpus-build,ACTIVE
N22-GEN-0020,N22,576100898c26d65b2827cbbc401a277151a9acf9+uncommitted-corpus-build,ACTIVE
N22-GEN-0021,N22,576100898c26d65b2827cbbc401a277151a9acf9+uncommitted-corpus-build,ACTIVE
N22-GEN-0022,N22,576100898c26d65b2827cbbc401a277151a9acf9+uncommitted-corpus-build,ACTIVE
N22-GEN-0023,N22,576100898c26d65b2827cbbc401a277151a9acf9+uncommitted-corpus-build,ACTIVE
N22-GEN-0024,N22,576100898c26d65b2827cbbc401a277151a9acf9+uncommitted-corpus-build,ACTIVE
N22-GEN-0025,N22,576100898c26d65b2827cbbc401a277151a9acf9+uncommitted-corpus-build,ACTIVE
N22-GEN-0026,N22,576100898c26d65b2827cbbc401a277151a9acf9+uncommitted-corpus-build,ACTIVE
N22-GEN-0027,N22,576100898c26d65b2827cbbc401a277151a9acf9+uncommitted-corpus-build,ACTIVE
N22-GEN-0028,N22,576100898c26d65b2827cbbc401a277151a9acf9+uncommitted-corpus-build,ACTIVE
N22-GEN-0029,N22,576100898c26d65b2827cbbc401a277151a9acf9+uncommitted-corpus-build,ACTIVE
N22-GEN-0030,N22,576100898c26d65b2827cbbc401a277151a9acf9+uncommitted-corpus-build,ACTIVE
N22-GEN-0031,N22,576100898c26d65b2827cbbc401a277151a9acf9+uncommitted-corpus-build,ACTIVE
N22-GEN-0032,N22,576100898c26d65b2827cbbc401a277151a9acf9+uncommitted-corpus-build,ACTIVE
N22-GEN-0033,N22,576100898c26d65b2827cbbc401a277151a9acf9+uncommitted-corpus-build,ACTIVE
N22-GEN-0034,N22,576100898c26d65b2827cbbc401a277151a9acf9+uncommitted-corpus-build,ACTIVE
N22-GEN-0035,N22,576100898c26d65b2827cbbc401a277151a9acf9+uncommitted-corpus-build,ACTIVE
N22-GEN-0036,N22,576100898c26d65b2827cbbc401a277151a9acf9+uncommitted-corpus-build,ACTIVE
N22-GEN-0037,N22,576100898c26d65b2827cbbc401a277151a9acf9+uncommitted-corpus-build,ACTIVE
N22-GEN-0038,N22,576100898c26d65b2827cbbc401a277151a9acf9+uncommitted-corpus-build,ACTIVE
N22-GEN-0039,N22,576100898c26d65b2827cbbc401a277151a9acf9+uncommitted-corpus-build,ACTIVE
N22-GEN-0040,N22,576100898c26d65b2827cbbc401a277151a9acf9+uncommitted-corpus-build,ACTIVE
N22-GEN-0041,N22,576100898c26d65b2827cbbc401a277151a9acf9+uncommitted-corpus-build,ACTIVE
N22-GEN-0042,N22,576100898c26d65b2827cbbc401a277151a9acf9+uncommitted-corpus-build,ACTIVE
N22-GEN-0043,N22,576100898c26d65b2827cbbc401a277151a9acf9+uncommitted-corpus-build,ACTIVE
N22-GEN-0044,N22,576100898c26d65b2827cbbc401a277151a9acf9+uncommitted-corpus-build,ACTIVE
N23-GEN-0007,N23,576100898c26d65b2827cbbc401a277151a9acf9+uncommitted-corpus-build,ACTIVE
N23-GEN-0008,N23,576100898c26d65b2827cbbc401a277151a9acf9+uncommitted-corpus-build,ACTIVE
N23-GEN-0009,N23,576100898c26d65b2827cbbc401a277151a9acf9+uncommitted-corpus-build,ACTIVE
N23-GEN-0010,N23,576100898c26d65b2827cbbc401a277151a9acf9+uncommitted-corpus-build,ACTIVE
N23-GEN-0011,N23,576100898c26d65b2827cbbc401a277151a9acf9+uncommitted-corpus-build,ACTIVE
N23-GEN-0012,N23,576100898c26d65b2827cbbc401a277151a9acf9+uncommitted-corpus-build,ACTIVE
N23-GEN-0013,N23,576100898c26d65b2827cbbc401a277151a9acf9+uncommitted-corpus-build,ACTIVE
N23-GEN-0014,N23,576100898c26d65b2827cbbc401a277151a9acf9+uncommitted-corpus-build,ACTIVE
N23-GEN-0015,N23,576100898c26d65b2827cbbc401a277151a9acf9+uncommitted-corpus-build,ACTIVE
N23-GEN-0016,N23,576100898c26d65b2827cbbc401a277151a9acf9+uncommitted-corpus-build,ACTIVE
N23-GEN-0017,N23,576100898c26d65b2827cbbc401a277151a9acf9+uncommitted-corpus-build,ACTIVE
N23-GEN-0018,N23,576100898c26d65b2827cbbc401a277151a9acf9+uncommitted-corpus-build,ACTIVE
N23-GEN-0019,N23,576100898c26d65b2827cbbc401a277151a9acf9+uncommitted-corpus-build,ACTIVE
N23-GEN-0020,N23,576100898c26d65b2827cbbc401a277151a9acf9+uncommitted-corpus-build,ACTIVE
N23-GEN-0021,N23,576100898c26d65b2827cbbc401a277151a9acf9+uncommitted-corpus-build,ACTIVE
N23-GEN-0022,N23,576100898c26d65b2827cbbc401a277151a9acf9+uncommitted-corpus-build,ACTIVE
N23-GEN-0023,N23,576100898c26d65b2827cbbc401a277151a9acf9+uncommitted-corpus-build,ACTIVE
N23-GEN-0024,N23,576100898c26d65b2827cbbc401a277151a9acf9+uncommitted-corpus-build,ACTIVE
N23-GEN-0025,N23,576100898c26d65b2827cbbc401a277151a9acf9+uncommitted-corpus-build,ACTIVE
N23-GEN-0026,N23,576100898c26d65b2827cbbc401a277151a9acf9+uncommitted-corpus-build,ACTIVE
N23-GEN-0027,N23,576100898c26d65b2827cbbc401a277151a9acf9+uncommitted-corpus-build,ACTIVE
N23-GEN-0028,N23,576100898c26d65b2827cbbc401a277151a9acf9+uncommitted-corpus-build,ACTIVE
N23-GEN-0029,N23,576100898c26d65b2827cbbc401a277151a9acf9+uncommitted-corpus-build,ACTIVE
N23-GEN-0030,N23,576100898c26d65b2827cbbc401a277151a9acf9+uncommitted-corpus-build,ACTIVE
N23-GEN-0031,N23,576100898c26d65b2827cbbc401a277151a9acf9+uncommitted-corpus-build,ACTIVE
N23-GEN-0032,N23,576100898c26d65b2827cbbc401a277151a9acf9+uncommitted-corpus-build,ACTIVE
N23-GEN-0033,N23,576100898c26d65b2827cbbc401a277151a9acf9+uncommitted-corpus-build,ACTIVE
N23-GEN-0034,N23,576100898c26d65b2827cbbc401a277151a9acf9+uncommitted-corpus-build,ACTIVE
N23-GEN-0035,N23,576100898c26d65b2827cbbc401a277151a9acf9+uncommitted-corpus-build,ACTIVE
N23-GEN-0036,N23,576100898c26d65b2827cbbc401a277151a9acf9+uncommitted-corpus-build,ACTIVE
N23-GEN-0037,N23,576100898c26d65b2827cbbc401a277151a9acf9+uncommitted-corpus-build,ACTIVE
N23-GEN-0038,N23,576100898c26d65b2827cbbc401a277151a9acf9+uncommitted-corpus-build,ACTIVE
N23-GEN-0039,N23,576100898c26d65b2827cbbc401a277151a9acf9+uncommitted-corpus-build,ACTIVE
N23-GEN-0040,N23,576100898c26d65b2827cbbc401a277151a9acf9+uncommitted-corpus-build,ACTIVE
N23-GEN-0041,N23,576100898c26d65b2827cbbc401a277151a9acf9+uncommitted-corpus-build,ACTIVE
N23-GEN-0042,N23,576100898c26d65b2827cbbc401a277151a9acf9+uncommitted-corpus-build,ACTIVE
N23-GEN-0043,N23,576100898c26d65b2827cbbc401a277151a9acf9+uncommitted-corpus-build,ACTIVE
N23-GEN-0044,N23,576100898c26d65b2827cbbc401a277151a9acf9+uncommitted-corpus-build,ACTIVE
N23-GEN-0045,N23,576100898c26d65b2827cbbc401a277151a9acf9+uncommitted-corpus-build,ACTIVE
N23-GEN-0046,N23,576100898c26d65b2827cbbc401a277151a9acf9+uncommitted-corpus-build,ACTIVE
N23-GEN-0047,N23,576100898c26d65b2827cbbc401a277151a9acf9+uncommitted-corpus-build,ACTIVE
N23-GEN-0048,N23,576100898c26d65b2827cbbc401a277151a9acf9+uncommitted-corpus-build,ACTIVE
N23-GEN-0049,N23,576100898c26d65b2827cbbc401a277151a9acf9+uncommitted-corpus-build,ACTIVE
N23-GEN-0050,N23,576100898c26d65b2827cbbc401a277151a9acf9+uncommitted-corpus-build,ACTIVE
N23-GEN-0051,N23,576100898c26d65b2827cbbc401a277151a9acf9+uncommitted-corpus-build,ACTIVE
N23-GEN-0052,N23,576100898c26d65b2827cbbc401a277151a9acf9+uncommitted-corpus-build,ACTIVE
N23-GEN-0053,N23,576100898c26d65b2827cbbc401a277151a9acf9+uncommitted-corpus-build,ACTIVE
N23-GEN-0054,N23,576100898c26d65b2827cbbc401a277151a9acf9+uncommitted-corpus-build,ACTIVE
N23-GEN-0055,N23,576100898c26d65b2827cbbc401a277151a9acf9+uncommitted-corpus-build,ACTIVE
N23-GEN-0056,N23,576100898c26d65b2827cbbc401a277151a9acf9+uncommitted-corpus-build,ACTIVE
N23-GEN-0057,N23,576100898c26d65b2827cbbc401a277151a9acf9+uncommitted-corpus-build,ACTIVE
N23-GEN-0058,N23,576100898c26d65b2827cbbc401a277151a9acf9+uncommitted-corpus-build,ACTIVE
N23-GEN-0059,N23,576100898c26d65b2827cbbc401a277151a9acf9+uncommitted-corpus-build,ACTIVE
N23-GEN-0060,N23,576100898c26d65b2827cbbc401a277151a9acf9+uncommitted-corpus-build,ACTIVE
N23-GEN-0061,N23,576100898c26d65b2827cbbc401a277151a9acf9+uncommitted-corpus-build,ACTIVE
N23-GEN-0062,N23,576100898c26d65b2827cbbc401a277151a9acf9+uncommitted-corpus-build,ACTIVE
N23-GEN-0063,N23,576100898c26d65b2827cbbc401a277151a9acf9+uncommitted-corpus-build,ACTIVE
N23-GEN-0064,N23,576100898c26d65b2827cbbc401a277151a9acf9+uncommitted-corpus-build,ACTIVE
N23-GEN-0065,N23,576100898c26d65b2827cbbc401a277151a9acf9+uncommitted-corpus-build,ACTIVE
N23-GEN-0066,N23,576100898c26d65b2827cbbc401a277151a9acf9+uncommitted-corpus-build,ACTIVE
N23-GEN-0067,N23,576100898c26d65b2827cbbc401a277151a9acf9+uncommitted-corpus-build,ACTIVE
N23-GEN-0068,N23,576100898c26d65b2827cbbc401a277151a9acf9+uncommitted-corpus-build,ACTIVE
N23-GEN-0069,N23,576100898c26d65b2827cbbc401a277151a9acf9+uncommitted-corpus-build,ACTIVE
N23-GEN-0070,N23,576100898c26d65b2827cbbc401a277151a9acf9+uncommitted-corpus-build,ACTIVE
N23-GEN-0071,N23,576100898c26d65b2827cbbc401a277151a9acf9+uncommitted-corpus-build,ACTIVE
N23-GEN-0072,N23,576100898c26d65b2827cbbc401a277151a9acf9+uncommitted-corpus-build,ACTIVE
N23-GEN-0073,N23,576100898c26d65b2827cbbc401a277151a9acf9+uncommitted-corpus-build,ACTIVE
N23-GEN-0074,N23,576100898c26d65b2827cbbc401a277151a9acf9+uncommitted-corpus-build,ACTIVE
N23-GEN-0075,N23,576100898c26d65b2827cbbc401a277151a9acf9+uncommitted-corpus-build,ACTIVE
N23-GEN-0076,N23,576100898c26d65b2827cbbc401a277151a9acf9+uncommitted-corpus-build,ACTIVE
N23-GEN-0077,N23,576100898c26d65b2827cbbc401a277151a9acf9+uncommitted-corpus-build,ACTIVE
N23-GEN-0078,N23,576100898c26d65b2827cbbc401a277151a9acf9+uncommitted-corpus-build,ACTIVE
N23-GEN-0079,N23,576100898c26d65b2827cbbc401a277151a9acf9+uncommitted-corpus-build,ACTIVE
N23-GEN-0080,N23,576100898c26d65b2827cbbc401a277151a9acf9+uncommitted-corpus-build,ACTIVE
N23-GEN-0081,N23,576100898c26d65b2827cbbc401a277151a9acf9+uncommitted-corpus-build,ACTIVE
N23-GEN-0082,N23,576100898c26d65b2827cbbc401a277151a9acf9+uncommitted-corpus-build,ACTIVE
N23-GEN-0083,N23,576100898c26d65b2827cbbc401a277151a9acf9+uncommitted-corpus-build,ACTIVE
N23-GEN-0084,N23,576100898c26d65b2827cbbc401a277151a9acf9+uncommitted-corpus-build,ACTIVE
N23-GEN-0085,N23,576100898c26d65b2827cbbc401a277151a9acf9+uncommitted-corpus-build,ACTIVE
N23-GEN-0086,N23,576100898c26d65b2827cbbc401a277151a9acf9+uncommitted-corpus-build,ACTIVE
N23-GEN-0087,N23,576100898c26d65b2827cbbc401a277151a9acf9+uncommitted-corpus-build,ACTIVE
N23-GEN-0088,N23,576100898c26d65b2827cbbc401a277151a9acf9+uncommitted-corpus-build,ACTIVE
N23-GEN-0089,N23,576100898c26d65b2827cbbc401a277151a9acf9+uncommitted-corpus-build,ACTIVE
N23-GEN-0090,N23,576100898c26d65b2827cbbc401a277151a9acf9+uncommitted-corpus-build,ACTIVE
N23-GEN-0091,N23,576100898c26d65b2827cbbc401a277151a9acf9+uncommitted-corpus-build,ACTIVE
N23-GEN-0092,N23,576100898c26d65b2827cbbc401a277151a9acf9+uncommitted-corpus-build,ACTIVE
N23-GEN-0092A,N23,576100898c26d65b2827cbbc401a277151a9acf9+uncommitted-corpus-build,ACTIVE
N23-GEN-0093,N23,576100898c26d65b2827cbbc401a277151a9acf9+uncommitted-corpus-build,ACTIVE
N23-GEN-0094,N23,576100898c26d65b2827cbbc401a277151a9acf9+uncommitted-corpus-build,ACTIVE
N23-GEN-0095,N23,576100898c26d65b2827cbbc401a277151a9acf9+uncommitted-corpus-build,ACTIVE
N23-GEN-0096,N23,576100898c26d65b2827cbbc401a277151a9acf9+uncommitted-corpus-build,ACTIVE
N23-GEN-0097,N23,576100898c26d65b2827cbbc401a277151a9acf9+uncommitted-corpus-build,ACTIVE
N23-GEN-0098,N23,576100898c26d65b2827cbbc401a277151a9acf9+uncommitted-corpus-build,ACTIVE
N23-GEN-0099,N23,576100898c26d65b2827cbbc401a277151a9acf9+uncommitted-corpus-build,ACTIVE
N23-GEN-0100,N23,576100898c26d65b2827cbbc401a277151a9acf9+uncommitted-corpus-build,ACTIVE
N23-GEN-0101,N23,576100898c26d65b2827cbbc401a277151a9acf9+uncommitted-corpus-build,ACTIVE
N23-GEN-0102,N23,576100898c26d65b2827cbbc401a277151a9acf9+uncommitted-corpus-build,ACTIVE
N23-GEN-0103,N23,576100898c26d65b2827cbbc401a277151a9acf9+uncommitted-corpus-build,ACTIVE
N23-GEN-0104,N23,576100898c26d65b2827cbbc401a277151a9acf9+uncommitted-corpus-build,ACTIVE
N23-GEN-0106,N23,576100898c26d65b2827cbbc401a277151a9acf9+uncommitted-corpus-build,ACTIVE
N23-GEN-0107,N23,576100898c26d65b2827cbbc401a277151a9acf9+uncommitted-corpus-build,ACTIVE
N23-GEN-0108,N23,576100898c26d65b2827cbbc401a277151a9acf9+uncommitted-corpus-build,ACTIVE
N23-GEN-0109,N23,576100898c26d65b2827cbbc401a277151a9acf9+uncommitted-corpus-build,ACTIVE
N23-GEN-0110,N23,576100898c26d65b2827cbbc401a277151a9acf9+uncommitted-corpus-build,ACTIVE
N23-GEN-0111,N23,576100898c26d65b2827cbbc401a277151a9acf9+uncommitted-corpus-build,ACTIVE
N23-GEN-0112,N23,576100898c26d65b2827cbbc401a277151a9acf9+uncommitted-corpus-build,ACTIVE
N23-GEN-0113,N23,576100898c26d65b2827cbbc401a277151a9acf9+uncommitted-corpus-build,ACTIVE
N23-GEN-0114,N23,576100898c26d65b2827cbbc401a277151a9acf9+uncommitted-corpus-build,ACTIVE
N23-GEN-0115,N23,576100898c26d65b2827cbbc401a277151a9acf9+uncommitted-corpus-build,ACTIVE
N23-GEN-0116,N23,576100898c26d65b2827cbbc401a277151a9acf9+uncommitted-corpus-build,ACTIVE
N23-GEN-0118,N23,576100898c26d65b2827cbbc401a277151a9acf9+uncommitted-corpus-build,ACTIVE
N23-GEN-0119,N23,576100898c26d65b2827cbbc401a277151a9acf9+uncommitted-corpus-build,ACTIVE
N23-GEN-0120,N23,576100898c26d65b2827cbbc401a277151a9acf9+uncommitted-corpus-build,ACTIVE
N23-GEN-0121,N23,576100898c26d65b2827cbbc401a277151a9acf9+uncommitted-corpus-build,ACTIVE
N23-GEN-0122,N23,576100898c26d65b2827cbbc401a277151a9acf9+uncommitted-corpus-build,ACTIVE
N23-GEN-0123,N23,576100898c26d65b2827cbbc401a277151a9acf9+uncommitted-corpus-build,ACTIVE
N23-GEN-0124,N23,576100898c26d65b2827cbbc401a277151a9acf9+uncommitted-corpus-build,ACTIVE
N23-GEN-0125,N23,576100898c26d65b2827cbbc401a277151a9acf9+uncommitted-corpus-build,ACTIVE
N23-GEN-0126,N23,576100898c26d65b2827cbbc401a277151a9acf9+uncommitted-corpus-build,ACTIVE
N23-GEN-0127,N23,576100898c26d65b2827cbbc401a277151a9acf9+uncommitted-corpus-build,ACTIVE
N23-GEN-0128,N23,576100898c26d65b2827cbbc401a277151a9acf9+uncommitted-corpus-build,ACTIVE
N23-GEN-0129,N23,576100898c26d65b2827cbbc401a277151a9acf9+uncommitted-corpus-build,ACTIVE
N23-GEN-0130,N23,576100898c26d65b2827cbbc401a277151a9acf9+uncommitted-corpus-build,ACTIVE
N23-GEN-0131,N23,576100898c26d65b2827cbbc401a277151a9acf9+uncommitted-corpus-build,ACTIVE
N23-GEN-0132,N23,576100898c26d65b2827cbbc401a277151a9acf9+uncommitted-corpus-build,ACTIVE
N23-GEN-0135,N23,576100898c26d65b2827cbbc401a277151a9acf9+uncommitted-corpus-build,ACTIVE
N23-GEN-0136,N23,576100898c26d65b2827cbbc401a277151a9acf9+uncommitted-corpus-build,ACTIVE
N23-GEN-0137,N23,576100898c26d65b2827cbbc401a277151a9acf9+uncommitted-corpus-build,ACTIVE
N23-GEN-0138,N23,576100898c26d65b2827cbbc401a277151a9acf9+uncommitted-corpus-build,ACTIVE
N23-GEN-0139,N23,576100898c26d65b2827cbbc401a277151a9acf9+uncommitted-corpus-build,ACTIVE
N23-GEN-0140,N23,576100898c26d65b2827cbbc401a277151a9acf9+uncommitted-corpus-build,ACTIVE
N23-GEN-0141,N23,576100898c26d65b2827cbbc401a277151a9acf9+uncommitted-corpus-build,ACTIVE
N23-GEN-0142,N23,576100898c26d65b2827cbbc401a277151a9acf9+uncommitted-corpus-build,ACTIVE
N23-GEN-0143,N23,576100898c26d65b2827cbbc401a277151a9acf9+uncommitted-corpus-build,ACTIVE
N23-GEN-0144,N23,576100898c26d65b2827cbbc401a277151a9acf9+uncommitted-corpus-build,ACTIVE
N23-GEN-0145,N23,576100898c26d65b2827cbbc401a277151a9acf9+uncommitted-corpus-build,ACTIVE
N23-GEN-0146,N23,576100898c26d65b2827cbbc401a277151a9acf9+uncommitted-corpus-build,ACTIVE
N23-GEN-0148,N23,576100898c26d65b2827cbbc401a277151a9acf9+uncommitted-corpus-build,ACTIVE
N23-GEN-0149,N23,576100898c26d65b2827cbbc401a277151a9acf9+uncommitted-corpus-build,ACTIVE
N23-GEN-0150,N23,576100898c26d65b2827cbbc401a277151a9acf9+uncommitted-corpus-build,ACTIVE
N23-GEN-0151,N23,576100898c26d65b2827cbbc401a277151a9acf9+uncommitted-corpus-build,ACTIVE
N23-GEN-0152,N23,576100898c26d65b2827cbbc401a277151a9acf9+uncommitted-corpus-build,ACTIVE
N23-GEN-0154,N23,576100898c26d65b2827cbbc401a277151a9acf9+uncommitted-corpus-build,ACTIVE
N23-GEN-0155,N23,576100898c26d65b2827cbbc401a277151a9acf9+uncommitted-corpus-build,ACTIVE
N23-GEN-0156,N23,576100898c26d65b2827cbbc401a277151a9acf9+uncommitted-corpus-build,ACTIVE
N23-GEN-0157,N23,576100898c26d65b2827cbbc401a277151a9acf9+uncommitted-corpus-build,ACTIVE
N23-GEN-0158,N23,576100898c26d65b2827cbbc401a277151a9acf9+uncommitted-corpus-build,ACTIVE
N23-GEN-0159,N23,576100898c26d65b2827cbbc401a277151a9acf9+uncommitted-corpus-build,ACTIVE
N23-GEN-0161,N23,576100898c26d65b2827cbbc401a277151a9acf9+uncommitted-corpus-build,ACTIVE
N23-GEN-0162,N23,576100898c26d65b2827cbbc401a277151a9acf9+uncommitted-corpus-build,ACTIVE
N23-GEN-0163,N23,576100898c26d65b2827cbbc401a277151a9acf9+uncommitted-corpus-build,ACTIVE
N23-GEN-0164,N23,576100898c26d65b2827cbbc401a277151a9acf9+uncommitted-corpus-build,ACTIVE
N23-GEN-0165,N23,576100898c26d65b2827cbbc401a277151a9acf9+uncommitted-corpus-build,ACTIVE
N23-GEN-0167,N23,576100898c26d65b2827cbbc401a277151a9acf9+uncommitted-corpus-build,ACTIVE
N23-GEN-0168,N23,576100898c26d65b2827cbbc401a277151a9acf9+uncommitted-corpus-build,ACTIVE
N23-GEN-0169,N23,576100898c26d65b2827cbbc401a277151a9acf9+uncommitted-corpus-build,ACTIVE
N23-GEN-0170,N23,576100898c26d65b2827cbbc401a277151a9acf9+uncommitted-corpus-build,ACTIVE
N23-GEN-0171,N23,576100898c26d65b2827cbbc401a277151a9acf9+uncommitted-corpus-build,ACTIVE
N23-GEN-0172,N23,576100898c26d65b2827cbbc401a277151a9acf9+uncommitted-corpus-build,ACTIVE
N23-GEN-0173,N23,576100898c26d65b2827cbbc401a277151a9acf9+uncommitted-corpus-build,ACTIVE
N23-GEN-0174,N23,576100898c26d65b2827cbbc401a277151a9acf9+uncommitted-corpus-build,ACTIVE
N23-GEN-0175,N23,576100898c26d65b2827cbbc401a277151a9acf9+uncommitted-corpus-build,ACTIVE
N23-GEN-0176,N23,576100898c26d65b2827cbbc401a277151a9acf9+uncommitted-corpus-build,ACTIVE
N23-GEN-0177,N23,576100898c26d65b2827cbbc401a277151a9acf9+uncommitted-corpus-build,ACTIVE
N23-GEN-0178,N23,576100898c26d65b2827cbbc401a277151a9acf9+uncommitted-corpus-build,ACTIVE
N23-GEN-0180,N23,576100898c26d65b2827cbbc401a277151a9acf9+uncommitted-corpus-build,ACTIVE
N23-GEN-0181,N23,576100898c26d65b2827cbbc401a277151a9acf9+uncommitted-corpus-build,ACTIVE
N23-GEN-0182,N23,576100898c26d65b2827cbbc401a277151a9acf9+uncommitted-corpus-build,ACTIVE
N23-GEN-0183,N23,576100898c26d65b2827cbbc401a277151a9acf9+uncommitted-corpus-build,ACTIVE
N23-GEN-0184,N23,576100898c26d65b2827cbbc401a277151a9acf9+uncommitted-corpus-build,ACTIVE
N23-GEN-0185,N23,576100898c26d65b2827cbbc401a277151a9acf9+uncommitted-corpus-build,ACTIVE
N23-GEN-0186,N23,576100898c26d65b2827cbbc401a277151a9acf9+uncommitted-corpus-build,ACTIVE
N23-GEN-0187,N23,576100898c26d65b2827cbbc401a277151a9acf9+uncommitted-corpus-build,ACTIVE
N23-GEN-0188,N23,576100898c26d65b2827cbbc401a277151a9acf9+uncommitted-corpus-build,ACTIVE
N23-GEN-0189,N23,576100898c26d65b2827cbbc401a277151a9acf9+uncommitted-corpus-build,ACTIVE
N23-GEN-0190,N23,576100898c26d65b2827cbbc401a277151a9acf9+uncommitted-corpus-build,ACTIVE
N23-GEN-0191,N23,576100898c26d65b2827cbbc401a277151a9acf9+uncommitted-corpus-build,ACTIVE
N23-GEN-0193,N23,576100898c26d65b2827cbbc401a277151a9acf9+uncommitted-corpus-build,ACTIVE
N23-GEN-0194,N23,576100898c26d65b2827cbbc401a277151a9acf9+uncommitted-corpus-build,ACTIVE
N23-GEN-0195,N23,576100898c26d65b2827cbbc401a277151a9acf9+uncommitted-corpus-build,ACTIVE
N23-GEN-0196,N23,576100898c26d65b2827cbbc401a277151a9acf9+uncommitted-corpus-build,ACTIVE
N23-GEN-0197,N23,576100898c26d65b2827cbbc401a277151a9acf9+uncommitted-corpus-build,ACTIVE
N23-GEN-0199,N23,576100898c26d65b2827cbbc401a277151a9acf9+uncommitted-corpus-build,ACTIVE
N23-GEN-0200,N23,576100898c26d65b2827cbbc401a277151a9acf9+uncommitted-corpus-build,ACTIVE
N23-GEN-0201,N23,576100898c26d65b2827cbbc401a277151a9acf9+uncommitted-corpus-build,ACTIVE
N23-GEN-0202,N23,576100898c26d65b2827cbbc401a277151a9acf9+uncommitted-corpus-build,ACTIVE
N23-GEN-0203,N23,576100898c26d65b2827cbbc401a277151a9acf9+uncommitted-corpus-build,ACTIVE
N23-GEN-0204,N23,576100898c26d65b2827cbbc401a277151a9acf9+uncommitted-corpus-build,ACTIVE
N23-GEN-0206,N23,576100898c26d65b2827cbbc401a277151a9acf9+uncommitted-corpus-build,ACTIVE
N23-GEN-0207,N23,576100898c26d65b2827cbbc401a277151a9acf9+uncommitted-corpus-build,ACTIVE
N23-GEN-0208,N23,576100898c26d65b2827cbbc401a277151a9acf9+uncommitted-corpus-build,ACTIVE
N23-GEN-0209,N23,576100898c26d65b2827cbbc401a277151a9acf9+uncommitted-corpus-build,ACTIVE
N23-GEN-0210,N23,576100898c26d65b2827cbbc401a277151a9acf9+uncommitted-corpus-build,ACTIVE
N23-GEN-0212,N23,576100898c26d65b2827cbbc401a277151a9acf9+uncommitted-corpus-build,ACTIVE
N23-GEN-0213,N23,576100898c26d65b2827cbbc401a277151a9acf9+uncommitted-corpus-build,ACTIVE
N23-GEN-0214,N23,576100898c26d65b2827cbbc401a277151a9acf9+uncommitted-corpus-build,ACTIVE
N23-GEN-0215,N23,576100898c26d65b2827cbbc401a277151a9acf9+uncommitted-corpus-build,ACTIVE
N23-GEN-0216,N23,576100898c26d65b2827cbbc401a277151a9acf9+uncommitted-corpus-build,ACTIVE
N23-GEN-0218,N23,576100898c26d65b2827cbbc401a277151a9acf9+uncommitted-corpus-build,ACTIVE
N23-GEN-0219,N23,576100898c26d65b2827cbbc401a277151a9acf9+uncommitted-corpus-build,ACTIVE
N23-GEN-0220,N23,576100898c26d65b2827cbbc401a277151a9acf9+uncommitted-corpus-build,ACTIVE
N23-GEN-0221,N23,576100898c26d65b2827cbbc401a277151a9acf9+uncommitted-corpus-build,ACTIVE
N23-GEN-0221A,N23,576100898c26d65b2827cbbc401a277151a9acf9+uncommitted-corpus-build,ACTIVE
N23-GEN-0222,N23,576100898c26d65b2827cbbc401a277151a9acf9+uncommitted-corpus-build,ACTIVE
N23-GEN-0223,N23,576100898c26d65b2827cbbc401a277151a9acf9+uncommitted-corpus-build,ACTIVE
N23-GEN-0224,N23,576100898c26d65b2827cbbc401a277151a9acf9+uncommitted-corpus-build,ACTIVE
N23-GEN-0226,N23,576100898c26d65b2827cbbc401a277151a9acf9+uncommitted-corpus-build,ACTIVE
N23-GEN-0227,N23,576100898c26d65b2827cbbc401a277151a9acf9+uncommitted-corpus-build,ACTIVE
N23-GEN-0228,N23,576100898c26d65b2827cbbc401a277151a9acf9+uncommitted-corpus-build,ACTIVE
N23-GEN-0229,N23,576100898c26d65b2827cbbc401a277151a9acf9+uncommitted-corpus-build,ACTIVE
N23-GEN-0230,N23,576100898c26d65b2827cbbc401a277151a9acf9+uncommitted-corpus-build,ACTIVE
N23-GEN-0232,N23,576100898c26d65b2827cbbc401a277151a9acf9+uncommitted-corpus-build,ACTIVE
N23-GEN-0233,N23,576100898c26d65b2827cbbc401a277151a9acf9+uncommitted-corpus-build,ACTIVE
N23-GEN-0234,N23,576100898c26d65b2827cbbc401a277151a9acf9+uncommitted-corpus-build,ACTIVE
N23-GEN-0236,N23,576100898c26d65b2827cbbc401a277151a9acf9+uncommitted-corpus-build,ACTIVE
N23-GEN-0237,N23,576100898c26d65b2827cbbc401a277151a9acf9+uncommitted-corpus-build,ACTIVE
N23-GEN-0238,N23,576100898c26d65b2827cbbc401a277151a9acf9+uncommitted-corpus-build,ACTIVE
N23-GEN-0239,N23,576100898c26d65b2827cbbc401a277151a9acf9+uncommitted-corpus-build,ACTIVE
N23-GEN-0241,N23,576100898c26d65b2827cbbc401a277151a9acf9+uncommitted-corpus-build,ACTIVE
N23-GEN-0242,N23,576100898c26d65b2827cbbc401a277151a9acf9+uncommitted-corpus-build,ACTIVE
N23-GEN-0243,N23,576100898c26d65b2827cbbc401a277151a9acf9+uncommitted-corpus-build,ACTIVE
N23-GEN-0244,N23,576100898c26d65b2827cbbc401a277151a9acf9+uncommitted-corpus-build,ACTIVE
N23-GEN-0245,N23,576100898c26d65b2827cbbc401a277151a9acf9+uncommitted-corpus-build,ACTIVE
N23-GEN-0247,N23,576100898c26d65b2827cbbc401a277151a9acf9+uncommitted-corpus-build,ACTIVE
N23-GEN-0248,N23,576100898c26d65b2827cbbc401a277151a9acf9+uncommitted-corpus-build,ACTIVE
N23-GEN-0249,N23,576100898c26d65b2827cbbc401a277151a9acf9+uncommitted-corpus-build,ACTIVE
N23-GEN-0250,N23,576100898c26d65b2827cbbc401a277151a9acf9+uncommitted-corpus-build,ACTIVE
N23-GEN-0251,N23,576100898c26d65b2827cbbc401a277151a9acf9+uncommitted-corpus-build,ACTIVE
N23-GEN-0252,N23,576100898c26d65b2827cbbc401a277151a9acf9+uncommitted-corpus-build,ACTIVE
N23-GEN-0253,N23,576100898c26d65b2827cbbc401a277151a9acf9+uncommitted-corpus-build,ACTIVE
N23-GEN-0254,N23,576100898c26d65b2827cbbc401a277151a9acf9+uncommitted-corpus-build,ACTIVE
N23-GEN-0255,N23,576100898c26d65b2827cbbc401a277151a9acf9+uncommitted-corpus-build,ACTIVE
N23-GEN-0256,N23,576100898c26d65b2827cbbc401a277151a9acf9+uncommitted-corpus-build,ACTIVE
N23-GEN-0258,N23,576100898c26d65b2827cbbc401a277151a9acf9+uncommitted-corpus-build,ACTIVE
N23-GEN-0259,N23,576100898c26d65b2827cbbc401a277151a9acf9+uncommitted-corpus-build,ACTIVE
N23-GEN-0260,N23,576100898c26d65b2827cbbc401a277151a9acf9+uncommitted-corpus-build,ACTIVE
N23-GEN-0261,N23,576100898c26d65b2827cbbc401a277151a9acf9+uncommitted-corpus-build,ACTIVE
N23-GEN-0262,N23,576100898c26d65b2827cbbc401a277151a9acf9+uncommitted-corpus-build,ACTIVE
N23-GEN-0264,N23,576100898c26d65b2827cbbc401a277151a9acf9+uncommitted-corpus-build,ACTIVE
N23-GEN-0265,N23,576100898c26d65b2827cbbc401a277151a9acf9+uncommitted-corpus-build,ACTIVE
N23-GEN-0266,N23,576100898c26d65b2827cbbc401a277151a9acf9+uncommitted-corpus-build,ACTIVE
N23-GEN-0267,N23,576100898c26d65b2827cbbc401a277151a9acf9+uncommitted-corpus-build,ACTIVE
N23-GEN-0268,N23,576100898c26d65b2827cbbc401a277151a9acf9+uncommitted-corpus-build,ACTIVE
N23-GEN-0269,N23,576100898c26d65b2827cbbc401a277151a9acf9+uncommitted-corpus-build,ACTIVE
N23-GEN-0270,N23,576100898c26d65b2827cbbc401a277151a9acf9+uncommitted-corpus-build,ACTIVE
N23-GEN-0271,N23,576100898c26d65b2827cbbc401a277151a9acf9+uncommitted-corpus-build,ACTIVE
N23-GEN-0272,N23,576100898c26d65b2827cbbc401a277151a9acf9+uncommitted-corpus-build,ACTIVE
N23-GEN-0273,N23,576100898c26d65b2827cbbc401a277151a9acf9+uncommitted-corpus-build,ACTIVE
N23-GEN-0274,N23,576100898c26d65b2827cbbc401a277151a9acf9+uncommitted-corpus-build,ACTIVE
N23-GEN-0276,N23,576100898c26d65b2827cbbc401a277151a9acf9+uncommitted-corpus-build,ACTIVE
N23-GEN-0277,N23,576100898c26d65b2827cbbc401a277151a9acf9+uncommitted-corpus-build,ACTIVE
N23-GEN-0278,N23,576100898c26d65b2827cbbc401a277151a9acf9+uncommitted-corpus-build,ACTIVE
N23-GEN-0279,N23,576100898c26d65b2827cbbc401a277151a9acf9+uncommitted-corpus-build,ACTIVE
N23-GEN-0280,N23,576100898c26d65b2827cbbc401a277151a9acf9+uncommitted-corpus-build,ACTIVE
N23-GEN-0282,N23,576100898c26d65b2827cbbc401a277151a9acf9+uncommitted-corpus-build,ACTIVE
N23-GEN-0283,N23,576100898c26d65b2827cbbc401a277151a9acf9+uncommitted-corpus-build,ACTIVE
N23-GEN-0284,N23,576100898c26d65b2827cbbc401a277151a9acf9+uncommitted-corpus-build,ACTIVE
N23-GEN-0285,N23,576100898c26d65b2827cbbc401a277151a9acf9+uncommitted-corpus-build,ACTIVE
N23-GEN-0286,N23,576100898c26d65b2827cbbc401a277151a9acf9+uncommitted-corpus-build,ACTIVE
N23-GEN-0287,N23,576100898c26d65b2827cbbc401a277151a9acf9+uncommitted-corpus-build,ACTIVE
N23-GEN-0289,N23,576100898c26d65b2827cbbc401a277151a9acf9+uncommitted-corpus-build,ACTIVE
N23-GEN-0290,N23,576100898c26d65b2827cbbc401a277151a9acf9+uncommitted-corpus-build,ACTIVE
N23-GEN-0291,N23,576100898c26d65b2827cbbc401a277151a9acf9+uncommitted-corpus-build,ACTIVE
N23-GEN-0292,N23,576100898c26d65b2827cbbc401a277151a9acf9+uncommitted-corpus-build,ACTIVE
N23-GEN-0293,N23,576100898c26d65b2827cbbc401a277151a9acf9+uncommitted-corpus-build,ACTIVE
N23-GEN-0294,N23,576100898c26d65b2827cbbc401a277151a9acf9+uncommitted-corpus-build,ACTIVE
N23-GEN-0295,N23,576100898c26d65b2827cbbc401a277151a9acf9+uncommitted-corpus-build,ACTIVE
N23-GEN-0296,N23,576100898c26d65b2827cbbc401a277151a9acf9+uncommitted-corpus-build,ACTIVE
N24-GEN-0007,N24,576100898c26d65b2827cbbc401a277151a9acf9+uncommitted-corpus-build,ACTIVE
N24-GEN-0008,N24,576100898c26d65b2827cbbc401a277151a9acf9+uncommitted-corpus-build,ACTIVE
N24-GEN-0009,N24,576100898c26d65b2827cbbc401a277151a9acf9+uncommitted-corpus-build,ACTIVE
N24-GEN-0010,N24,576100898c26d65b2827cbbc401a277151a9acf9+uncommitted-corpus-build,ACTIVE
N24-GEN-0011,N24,576100898c26d65b2827cbbc401a277151a9acf9+uncommitted-corpus-build,ACTIVE
N24-GEN-0012,N24,576100898c26d65b2827cbbc401a277151a9acf9+uncommitted-corpus-build,ACTIVE
N24-GEN-0013,N24,576100898c26d65b2827cbbc401a277151a9acf9+uncommitted-corpus-build,ACTIVE
N24-GEN-0014,N24,576100898c26d65b2827cbbc401a277151a9acf9+uncommitted-corpus-build,ACTIVE
N24-GEN-0015,N24,576100898c26d65b2827cbbc401a277151a9acf9+uncommitted-corpus-build,ACTIVE
N24-GEN-0016,N24,576100898c26d65b2827cbbc401a277151a9acf9+uncommitted-corpus-build,ACTIVE
N24-GEN-0017,N24,576100898c26d65b2827cbbc401a277151a9acf9+uncommitted-corpus-build,ACTIVE
N24-GEN-0018,N24,576100898c26d65b2827cbbc401a277151a9acf9+uncommitted-corpus-build,ACTIVE
N24-GEN-0019,N24,576100898c26d65b2827cbbc401a277151a9acf9+uncommitted-corpus-build,ACTIVE
N24-GEN-0020,N24,576100898c26d65b2827cbbc401a277151a9acf9+uncommitted-corpus-build,ACTIVE
N24-GEN-0021,N24,576100898c26d65b2827cbbc401a277151a9acf9+uncommitted-corpus-build,ACTIVE
N24-GEN-0022,N24,576100898c26d65b2827cbbc401a277151a9acf9+uncommitted-corpus-build,ACTIVE
N24-GEN-0023,N24,576100898c26d65b2827cbbc401a277151a9acf9+uncommitted-corpus-build,ACTIVE
N24-GEN-0024,N24,576100898c26d65b2827cbbc401a277151a9acf9+uncommitted-corpus-build,ACTIVE
N24-GEN-0025,N24,576100898c26d65b2827cbbc401a277151a9acf9+uncommitted-corpus-build,ACTIVE
N24-GEN-0026,N24,576100898c26d65b2827cbbc401a277151a9acf9+uncommitted-corpus-build,ACTIVE
N24-GEN-0027,N24,576100898c26d65b2827cbbc401a277151a9acf9+uncommitted-corpus-build,ACTIVE
N24-GEN-0028,N24,576100898c26d65b2827cbbc401a277151a9acf9+uncommitted-corpus-build,ACTIVE
N24-GEN-0029,N24,576100898c26d65b2827cbbc401a277151a9acf9+uncommitted-corpus-build,ACTIVE
N24-GEN-0030,N24,576100898c26d65b2827cbbc401a277151a9acf9+uncommitted-corpus-build,ACTIVE
N24-GEN-0031,N24,576100898c26d65b2827cbbc401a277151a9acf9+uncommitted-corpus-build,ACTIVE
N24-GEN-0031A,N24,576100898c26d65b2827cbbc401a277151a9acf9+uncommitted-corpus-build,ACTIVE
N24-GEN-0032,N24,576100898c26d65b2827cbbc401a277151a9acf9+uncommitted-corpus-build,ACTIVE
N24-GEN-0033,N24,576100898c26d65b2827cbbc401a277151a9acf9+uncommitted-corpus-build,ACTIVE
N24-GEN-0034,N24,576100898c26d65b2827cbbc401a277151a9acf9+uncommitted-corpus-build,ACTIVE
N24-GEN-0035,N24,576100898c26d65b2827cbbc401a277151a9acf9+uncommitted-corpus-build,ACTIVE
N24-GEN-0036,N24,576100898c26d65b2827cbbc401a277151a9acf9+uncommitted-corpus-build,ACTIVE
N24-GEN-0037,N24,576100898c26d65b2827cbbc401a277151a9acf9+uncommitted-corpus-build,ACTIVE
N24-GEN-0038,N24,576100898c26d65b2827cbbc401a277151a9acf9+uncommitted-corpus-build,ACTIVE
N24-GEN-0039,N24,576100898c26d65b2827cbbc401a277151a9acf9+uncommitted-corpus-build,ACTIVE
N24-GEN-0040,N24,576100898c26d65b2827cbbc401a277151a9acf9+uncommitted-corpus-build,ACTIVE
N24-GEN-0041,N24,576100898c26d65b2827cbbc401a277151a9acf9+uncommitted-corpus-build,ACTIVE
N24-GEN-0042,N24,576100898c26d65b2827cbbc401a277151a9acf9+uncommitted-corpus-build,ACTIVE
N24-GEN-0044,N24,576100898c26d65b2827cbbc401a277151a9acf9+uncommitted-corpus-build,ACTIVE
N24-GEN-0045,N24,576100898c26d65b2827cbbc401a277151a9acf9+uncommitted-corpus-build,ACTIVE
N24-GEN-0046,N24,576100898c26d65b2827cbbc401a277151a9acf9+uncommitted-corpus-build,ACTIVE
N24-GEN-0047,N24,576100898c26d65b2827cbbc401a277151a9acf9+uncommitted-corpus-build,ACTIVE
N24-GEN-0048,N24,576100898c26d65b2827cbbc401a277151a9acf9+uncommitted-corpus-build,ACTIVE
N24-GEN-0050,N24,576100898c26d65b2827cbbc401a277151a9acf9+uncommitted-corpus-build,ACTIVE
N24-GEN-0051,N24,576100898c26d65b2827cbbc401a277151a9acf9+uncommitted-corpus-build,ACTIVE
N24-GEN-0052,N24,576100898c26d65b2827cbbc401a277151a9acf9+uncommitted-corpus-build,ACTIVE
N24-GEN-0053,N24,576100898c26d65b2827cbbc401a277151a9acf9+uncommitted-corpus-build,ACTIVE
N24-GEN-0054,N24,576100898c26d65b2827cbbc401a277151a9acf9+uncommitted-corpus-build,ACTIVE
N24-GEN-0055,N24,576100898c26d65b2827cbbc401a277151a9acf9+uncommitted-corpus-build,ACTIVE
N24-GEN-0057,N24,576100898c26d65b2827cbbc401a277151a9acf9+uncommitted-corpus-build,ACTIVE
N24-GEN-0058,N24,576100898c26d65b2827cbbc401a277151a9acf9+uncommitted-corpus-build,ACTIVE
N24-GEN-0059,N24,576100898c26d65b2827cbbc401a277151a9acf9+uncommitted-corpus-build,ACTIVE
N24-GEN-0060,N24,576100898c26d65b2827cbbc401a277151a9acf9+uncommitted-corpus-build,ACTIVE
N24-GEN-0061,N24,576100898c26d65b2827cbbc401a277151a9acf9+uncommitted-corpus-build,ACTIVE
N24-GEN-0063,N24,576100898c26d65b2827cbbc401a277151a9acf9+uncommitted-corpus-build,ACTIVE
N24-GEN-0064,N24,576100898c26d65b2827cbbc401a277151a9acf9+uncommitted-corpus-build,ACTIVE
N24-GEN-0065,N24,576100898c26d65b2827cbbc401a277151a9acf9+uncommitted-corpus-build,ACTIVE
N24-GEN-0066,N24,576100898c26d65b2827cbbc401a277151a9acf9+uncommitted-corpus-build,ACTIVE
N24-GEN-0068,N24,576100898c26d65b2827cbbc401a277151a9acf9+uncommitted-corpus-build,ACTIVE
N24-GEN-0069,N24,576100898c26d65b2827cbbc401a277151a9acf9+uncommitted-corpus-build,ACTIVE
N24-GEN-0070,N24,576100898c26d65b2827cbbc401a277151a9acf9+uncommitted-corpus-build,ACTIVE
N24-GEN-0071,N24,576100898c26d65b2827cbbc401a277151a9acf9+uncommitted-corpus-build,ACTIVE
N24-GEN-0072,N24,576100898c26d65b2827cbbc401a277151a9acf9+uncommitted-corpus-build,ACTIVE
N25-GEN-0007,N25,576100898c26d65b2827cbbc401a277151a9acf9+uncommitted-corpus-build,ACTIVE
N25-GEN-0008,N25,576100898c26d65b2827cbbc401a277151a9acf9+uncommitted-corpus-build,ACTIVE
N25-GEN-0009,N25,576100898c26d65b2827cbbc401a277151a9acf9+uncommitted-corpus-build,ACTIVE
N25-GEN-0010,N25,576100898c26d65b2827cbbc401a277151a9acf9+uncommitted-corpus-build,ACTIVE
N25-GEN-0011,N25,576100898c26d65b2827cbbc401a277151a9acf9+uncommitted-corpus-build,ACTIVE
N25-GEN-0012,N25,576100898c26d65b2827cbbc401a277151a9acf9+uncommitted-corpus-build,ACTIVE
N25-GEN-0013,N25,576100898c26d65b2827cbbc401a277151a9acf9+uncommitted-corpus-build,ACTIVE
N25-GEN-0014,N25,576100898c26d65b2827cbbc401a277151a9acf9+uncommitted-corpus-build,ACTIVE
N25-GEN-0015,N25,576100898c26d65b2827cbbc401a277151a9acf9+uncommitted-corpus-build,ACTIVE
N25-GEN-0016,N25,576100898c26d65b2827cbbc401a277151a9acf9+uncommitted-corpus-build,ACTIVE
N25-GEN-0017,N25,576100898c26d65b2827cbbc401a277151a9acf9+uncommitted-corpus-build,ACTIVE
N25-GEN-0018,N25,576100898c26d65b2827cbbc401a277151a9acf9+uncommitted-corpus-build,ACTIVE
N25-GEN-0019,N25,576100898c26d65b2827cbbc401a277151a9acf9+uncommitted-corpus-build,ACTIVE
N25-GEN-0020,N25,576100898c26d65b2827cbbc401a277151a9acf9+uncommitted-corpus-build,ACTIVE
N25-GEN-0021,N25,576100898c26d65b2827cbbc401a277151a9acf9+uncommitted-corpus-build,ACTIVE
N25-GEN-0022,N25,576100898c26d65b2827cbbc401a277151a9acf9+uncommitted-corpus-build,ACTIVE
N25-GEN-0023,N25,576100898c26d65b2827cbbc401a277151a9acf9+uncommitted-corpus-build,ACTIVE
N25-GEN-0024,N25,576100898c26d65b2827cbbc401a277151a9acf9+uncommitted-corpus-build,ACTIVE
N25-GEN-0025,N25,576100898c26d65b2827cbbc401a277151a9acf9+uncommitted-corpus-build,ACTIVE
N25-GEN-0026,N25,576100898c26d65b2827cbbc401a277151a9acf9+uncommitted-corpus-build,ACTIVE
N25-GEN-0027,N25,576100898c26d65b2827cbbc401a277151a9acf9+uncommitted-corpus-build,ACTIVE
N25-GEN-0028,N25,576100898c26d65b2827cbbc401a277151a9acf9+uncommitted-corpus-build,ACTIVE
N25-GEN-0029,N25,576100898c26d65b2827cbbc401a277151a9acf9+uncommitted-corpus-build,ACTIVE
N25-GEN-0030,N25,576100898c26d65b2827cbbc401a277151a9acf9+uncommitted-corpus-build,ACTIVE
N25-GEN-0031,N25,576100898c26d65b2827cbbc401a277151a9acf9+uncommitted-corpus-build,ACTIVE
N25-GEN-0032,N25,576100898c26d65b2827cbbc401a277151a9acf9+uncommitted-corpus-build,ACTIVE
N25-GEN-0033,N25,576100898c26d65b2827cbbc401a277151a9acf9+uncommitted-corpus-build,ACTIVE
N25-GEN-0034,N25,576100898c26d65b2827cbbc401a277151a9acf9+uncommitted-corpus-build,ACTIVE
N25-GEN-0035,N25,576100898c26d65b2827cbbc401a277151a9acf9+uncommitted-corpus-build,ACTIVE
N25-GEN-0036,N25,576100898c26d65b2827cbbc401a277151a9acf9+uncommitted-corpus-build,ACTIVE
N25-GEN-0037,N25,576100898c26d65b2827cbbc401a277151a9acf9+uncommitted-corpus-build,ACTIVE
N25-GEN-0038,N25,576100898c26d65b2827cbbc401a277151a9acf9+uncommitted-corpus-build,ACTIVE
N25-GEN-0039,N25,576100898c26d65b2827cbbc401a277151a9acf9+uncommitted-corpus-build,ACTIVE
N25-GEN-0040,N25,576100898c26d65b2827cbbc401a277151a9acf9+uncommitted-corpus-build,ACTIVE
N25-GEN-0041,N25,576100898c26d65b2827cbbc401a277151a9acf9+uncommitted-corpus-build,ACTIVE
N25-GEN-0042,N25,576100898c26d65b2827cbbc401a277151a9acf9+uncommitted-corpus-build,ACTIVE
N25-GEN-0043,N25,576100898c26d65b2827cbbc401a277151a9acf9+uncommitted-corpus-build,ACTIVE
N25-GEN-0044,N25,576100898c26d65b2827cbbc401a277151a9acf9+uncommitted-corpus-build,ACTIVE
N25-GEN-0045,N25,576100898c26d65b2827cbbc401a277151a9acf9+uncommitted-corpus-build,ACTIVE
N25-GEN-0046,N25,576100898c26d65b2827cbbc401a277151a9acf9+uncommitted-corpus-build,ACTIVE
N25-GEN-0047,N25,576100898c26d65b2827cbbc401a277151a9acf9+uncommitted-corpus-build,ACTIVE
N25-GEN-0048,N25,576100898c26d65b2827cbbc401a277151a9acf9+uncommitted-corpus-build,ACTIVE
N25-GEN-0049,N25,576100898c26d65b2827cbbc401a277151a9acf9+uncommitted-corpus-build,ACTIVE
N25-GEN-0050,N25,576100898c26d65b2827cbbc401a277151a9acf9+uncommitted-corpus-build,ACTIVE
NC21-20211027-0001,NC21,576100898c26d65b2827cbbc401a277151a9acf9+uncommitted-corpus-build,ACTIVE
NC21-20211027-0003,NC21,576100898c26d65b2827cbbc401a277151a9acf9+uncommitted-corpus-build,ACTIVE
NC21-20211027-0005,NC21,576100898c26d65b2827cbbc401a277151a9acf9+uncommitted-corpus-build,ACTIVE
NC21-20211027-0007,NC21,576100898c26d65b2827cbbc401a277151a9acf9+uncommitted-corpus-build,ACTIVE
NC21-20211027-0009,NC21,576100898c26d65b2827cbbc401a277151a9acf9+uncommitted-corpus-build,ACTIVE
NC21-20211027-0010,NC21,576100898c26d65b2827cbbc401a277151a9acf9+uncommitted-corpus-build,ACTIVE
NC21-20211027-0011,NC21,576100898c26d65b2827cbbc401a277151a9acf9+uncommitted-corpus-build,ACTIVE
NC21-20211027-0012,NC21,576100898c26d65b2827cbbc401a277151a9acf9+uncommitted-corpus-build,ACTIVE
NC21-20211027-0013,NC21,576100898c26d65b2827cbbc401a277151a9acf9+uncommitted-corpus-build,ACTIVE
PAR250806-20250806-0001,PAR250806,576100898c26d65b2827cbbc401a277151a9acf9+uncommitted-corpus-build,ACTIVE
PAR250806-20250806-0003,PAR250806,576100898c26d65b2827cbbc401a277151a9acf9+uncommitted-corpus-build,ACTIVE
PAR250806-20250806-0004,PAR250806,576100898c26d65b2827cbbc401a277151a9acf9+uncommitted-corpus-build,ACTIVE
PAR250806-20250806-0005,PAR250806,576100898c26d65b2827cbbc401a277151a9acf9+uncommitted-corpus-build,ACTIVE
PAR250806-20250806-0006,PAR250806,576100898c26d65b2827cbbc401a277151a9acf9+uncommitted-corpus-build,ACTIVE
PAR250806-20250806-0007,PAR250806,576100898c26d65b2827cbbc401a277151a9acf9+uncommitted-corpus-build,ACTIVE
PAR250806-20250806-0008,PAR250806,576100898c26d65b2827cbbc401a277151a9acf9+uncommitted-corpus-build,ACTIVE
PAR250806-20250806-0009,PAR250806,576100898c26d65b2827cbbc401a277151a9acf9+uncommitted-corpus-build,ACTIVE
PAR250806-20250806-0010,PAR250806,576100898c26d65b2827cbbc401a277151a9acf9+uncommitted-corpus-build,ACTIVE
PAR250806-20250806-0012,PAR250806,576100898c26d65b2827cbbc401a277151a9acf9+uncommitted-corpus-build,ACTIVE
PAR250806-20250806-0014,PAR250806,576100898c26d65b2827cbbc401a277151a9acf9+uncommitted-corpus-build,ACTIVE
PAR250806-20250806-0016,PAR250806,576100898c26d65b2827cbbc401a277151a9acf9+uncommitted-corpus-build,ACTIVE
PAR250806-20250806-0018,PAR250806,576100898c26d65b2827cbbc401a277151a9acf9+uncommitted-corpus-build,ACTIVE
PAR250806-20250806-0020,PAR250806,576100898c26d65b2827cbbc401a277151a9acf9+uncommitted-corpus-build,ACTIVE
PAR250806-20250806-0021,PAR250806,576100898c26d65b2827cbbc401a277151a9acf9+uncommitted-corpus-build,ACTIVE
PAR250806-20250806-0022,PAR250806,576100898c26d65b2827cbbc401a277151a9acf9+uncommitted-corpus-build,ACTIVE
PAR250806-20250806-0023,PAR250806,576100898c26d65b2827cbbc401a277151a9acf9+uncommitted-corpus-build,ACTIVE
PAR250806-20250806-0024,PAR250806,576100898c26d65b2827cbbc401a277151a9acf9+uncommitted-corpus-build,ACTIVE
PAR250806-20250806-0025,PAR250806,576100898c26d65b2827cbbc401a277151a9acf9+uncommitted-corpus-build,ACTIVE
PAR250806-20250806-0026,PAR250806,576100898c26d65b2827cbbc401a277151a9acf9+uncommitted-corpus-build,ACTIVE
PAR250806-20250806-0027,PAR250806,576100898c26d65b2827cbbc401a277151a9acf9+uncommitted-corpus-build,ACTIVE
PAR250806-20250806-0028,PAR250806,576100898c26d65b2827cbbc401a277151a9acf9+uncommitted-corpus-build,ACTIVE
PAR250806-20250806-0029,PAR250806,576100898c26d65b2827cbbc401a277151a9acf9+uncommitted-corpus-build,ACTIVE
PAR250806-20250806-0030,PAR250806,576100898c26d65b2827cbbc401a277151a9acf9+uncommitted-corpus-build,ACTIVE
PAR250806-20250806-0031,PAR250806,576100898c26d65b2827cbbc401a277151a9acf9+uncommitted-corpus-build,ACTIVE
PAR250806-20250806-0032,PAR250806,576100898c26d65b2827cbbc401a277151a9acf9+uncommitted-corpus-build,ACTIVE
PAR250806-20250806-0034,PAR250806,576100898c26d65b2827cbbc401a277151a9acf9+uncommitted-corpus-build,ACTIVE
PAR250806-20250806-0036,PAR250806,576100898c26d65b2827cbbc401a277151a9acf9+uncommitted-corpus-build,ACTIVE
PAR250806-20250806-0038,PAR250806,576100898c26d65b2827cbbc401a277151a9acf9+uncommitted-corpus-build,ACTIVE
PAR250806-20250806-0040,PAR250806,576100898c26d65b2827cbbc401a277151a9acf9+uncommitted-corpus-build,ACTIVE
PRKN26-20260204-0001,PRKN26,576100898c26d65b2827cbbc401a277151a9acf9+uncommitted-corpus-build,ACTIVE
PRKN26-20260204-0003,PRKN26,576100898c26d65b2827cbbc401a277151a9acf9+uncommitted-corpus-build,ACTIVE
PRKN26-20260204-0004,PRKN26,576100898c26d65b2827cbbc401a277151a9acf9+uncommitted-corpus-build,ACTIVE
PRKN26-20260204-0005,PRKN26,576100898c26d65b2827cbbc401a277151a9acf9+uncommitted-corpus-build,ACTIVE
PRKN26-20260204-0006,PRKN26,576100898c26d65b2827cbbc401a277151a9acf9+uncommitted-corpus-build,ACTIVE
PRKN26-20260204-0007,PRKN26,576100898c26d65b2827cbbc401a277151a9acf9+uncommitted-corpus-build,ACTIVE
PRKN26-20260204-0008,PRKN26,576100898c26d65b2827cbbc401a277151a9acf9+uncommitted-corpus-build,ACTIVE
PRKN26-20260204-0009,PRKN26,576100898c26d65b2827cbbc401a277151a9acf9+uncommitted-corpus-build,ACTIVE
PRKN26-20260204-0011,PRKN26,576100898c26d65b2827cbbc401a277151a9acf9+uncommitted-corpus-build,ACTIVE
PRKN26-20260204-0013,PRKN26,576100898c26d65b2827cbbc401a277151a9acf9+uncommitted-corpus-build,ACTIVE
PRKN26-20260204-0015,PRKN26,576100898c26d65b2827cbbc401a277151a9acf9+uncommitted-corpus-build,ACTIVE
PRKN26-20260204-0017,PRKN26,576100898c26d65b2827cbbc401a277151a9acf9+uncommitted-corpus-build,ACTIVE
PRKN26-20260204-0019,PRKN26,576100898c26d65b2827cbbc401a277151a9acf9+uncommitted-corpus-build,ACTIVE
PRKN26-20260204-0020,PRKN26,576100898c26d65b2827cbbc401a277151a9acf9+uncommitted-corpus-build,ACTIVE
PRKN26-20260204-0022,PRKN26,576100898c26d65b2827cbbc401a277151a9acf9+uncommitted-corpus-build,ACTIVE
PRKN26-20260204-0024,PRKN26,576100898c26d65b2827cbbc401a277151a9acf9+uncommitted-corpus-build,ACTIVE
PSL-GEN-0001,PSL,576100898c26d65b2827cbbc401a277151a9acf9+uncommitted-corpus-build,ACTIVE
PSL-GEN-0003,PSL,576100898c26d65b2827cbbc401a277151a9acf9+uncommitted-corpus-build,ACTIVE
PSL-GEN-0004,PSL,576100898c26d65b2827cbbc401a277151a9acf9+uncommitted-corpus-build,ACTIVE
PSL-GEN-0005,PSL,576100898c26d65b2827cbbc401a277151a9acf9+uncommitted-corpus-build,ACTIVE
PSL-GEN-0007,PSL,576100898c26d65b2827cbbc401a277151a9acf9+uncommitted-corpus-build,ACTIVE
PSL-GEN-0009,PSL,576100898c26d65b2827cbbc401a277151a9acf9+uncommitted-corpus-build,ACTIVE
PSL-GEN-0011,PSL,576100898c26d65b2827cbbc401a277151a9acf9+uncommitted-corpus-build,ACTIVE
PSL-GEN-0013,PSL,576100898c26d65b2827cbbc401a277151a9acf9+uncommitted-corpus-build,ACTIVE
PSL-GEN-0015,PSL,576100898c26d65b2827cbbc401a277151a9acf9+uncommitted-corpus-build,ACTIVE
PSL-GEN-0017,PSL,576100898c26d65b2827cbbc401a277151a9acf9+uncommitted-corpus-build,ACTIVE
PSL-GEN-0018,PSL,576100898c26d65b2827cbbc401a277151a9acf9+uncommitted-corpus-build,ACTIVE
PSL-GEN-0019,PSL,576100898c26d65b2827cbbc401a277151a9acf9+uncommitted-corpus-build,ACTIVE
PSL-GEN-0020,PSL,576100898c26d65b2827cbbc401a277151a9acf9+uncommitted-corpus-build,ACTIVE
PSL-GEN-0021,PSL,576100898c26d65b2827cbbc401a277151a9acf9+uncommitted-corpus-build,ACTIVE
PSL-GEN-0022,PSL,576100898c26d65b2827cbbc401a277151a9acf9+uncommitted-corpus-build,ACTIVE
PSL-GEN-0023,PSL,576100898c26d65b2827cbbc401a277151a9acf9+uncommitted-corpus-build,ACTIVE
PSL-GEN-0024,PSL,576100898c26d65b2827cbbc401a277151a9acf9+uncommitted-corpus-build,ACTIVE
PSL-GEN-0026,PSL,576100898c26d65b2827cbbc401a277151a9acf9+uncommitted-corpus-build,ACTIVE
PSL-GEN-0028,PSL,576100898c26d65b2827cbbc401a277151a9acf9+uncommitted-corpus-build,ACTIVE
PSL-GEN-0030,PSL,576100898c26d65b2827cbbc401a277151a9acf9+uncommitted-corpus-build,ACTIVE
PSL-GEN-0032,PSL,576100898c26d65b2827cbbc401a277151a9acf9+uncommitted-corpus-build,ACTIVE
PSL-GEN-0034,PSL,576100898c26d65b2827cbbc401a277151a9acf9+uncommitted-corpus-build,ACTIVE
PSL-GEN-0036,PSL,576100898c26d65b2827cbbc401a277151a9acf9+uncommitted-corpus-build,ACTIVE
PSL-GEN-0037,PSL,576100898c26d65b2827cbbc401a277151a9acf9+uncommitted-corpus-build,ACTIVE
PSL-GEN-0038,PSL,576100898c26d65b2827cbbc401a277151a9acf9+uncommitted-corpus-build,ACTIVE
PSL-GEN-0039,PSL,576100898c26d65b2827cbbc401a277151a9acf9+uncommitted-corpus-build,ACTIVE
PSL-GEN-0041,PSL,576100898c26d65b2827cbbc401a277151a9acf9+uncommitted-corpus-build,ACTIVE
PSL-GEN-0043,PSL,576100898c26d65b2827cbbc401a277151a9acf9+uncommitted-corpus-build,ACTIVE
PSL-GEN-0045,PSL,576100898c26d65b2827cbbc401a277151a9acf9+uncommitted-corpus-build,ACTIVE
PSL-GEN-0047,PSL,576100898c26d65b2827cbbc401a277151a9acf9+uncommitted-corpus-build,ACTIVE
PSL-GEN-0049,PSL,576100898c26d65b2827cbbc401a277151a9acf9+uncommitted-corpus-build,ACTIVE
PSL-GEN-0050,PSL,576100898c26d65b2827cbbc401a277151a9acf9+uncommitted-corpus-build,ACTIVE
PSL-GEN-0051,PSL,576100898c26d65b2827cbbc401a277151a9acf9+uncommitted-corpus-build,ACTIVE
PSL-GEN-0052,PSL,576100898c26d65b2827cbbc401a277151a9acf9+uncommitted-corpus-build,ACTIVE
PSL-GEN-0054,PSL,576100898c26d65b2827cbbc401a277151a9acf9+uncommitted-corpus-build,ACTIVE
PSL-GEN-0056,PSL,576100898c26d65b2827cbbc401a277151a9acf9+uncommitted-corpus-build,ACTIVE
PSL-GEN-0058,PSL,576100898c26d65b2827cbbc401a277151a9acf9+uncommitted-corpus-build,ACTIVE
PSL-GEN-0059,PSL,576100898c26d65b2827cbbc401a277151a9acf9+uncommitted-corpus-build,ACTIVE
PSL-GEN-0060,PSL,576100898c26d65b2827cbbc401a277151a9acf9+uncommitted-corpus-build,ACTIVE
PSL-GEN-0061,PSL,576100898c26d65b2827cbbc401a277151a9acf9+uncommitted-corpus-build,ACTIVE
PSL-GEN-0062,PSL,576100898c26d65b2827cbbc401a277151a9acf9+uncommitted-corpus-build,ACTIVE
PSL-GEN-0063,PSL,576100898c26d65b2827cbbc401a277151a9acf9+uncommitted-corpus-build,ACTIVE
PSL-GEN-0064,PSL,576100898c26d65b2827cbbc401a277151a9acf9+uncommitted-corpus-build,ACTIVE
PSL-GEN-0065,PSL,576100898c26d65b2827cbbc401a277151a9acf9+uncommitted-corpus-build,ACTIVE
PSL-GEN-0067,PSL,576100898c26d65b2827cbbc401a277151a9acf9+uncommitted-corpus-build,ACTIVE
PSL-GEN-0069,PSL,576100898c26d65b2827cbbc401a277151a9acf9+uncommitted-corpus-build,ACTIVE
PSL-GEN-0071,PSL,576100898c26d65b2827cbbc401a277151a9acf9+uncommitted-corpus-build,ACTIVE
PSL-GEN-0073,PSL,576100898c26d65b2827cbbc401a277151a9acf9+uncommitted-corpus-build,ACTIVE
PSL-GEN-0075,PSL,576100898c26d65b2827cbbc401a277151a9acf9+uncommitted-corpus-build,ACTIVE
PSL-GEN-0077,PSL,576100898c26d65b2827cbbc401a277151a9acf9+uncommitted-corpus-build,ACTIVE
PSL-GEN-0079,PSL,576100898c26d65b2827cbbc401a277151a9acf9+uncommitted-corpus-build,ACTIVE
PSL-GEN-0080,PSL,576100898c26d65b2827cbbc401a277151a9acf9+uncommitted-corpus-build,ACTIVE
PSL-GEN-0081,PSL,576100898c26d65b2827cbbc401a277151a9acf9+uncommitted-corpus-build,ACTIVE
PSL-GEN-0082,PSL,576100898c26d65b2827cbbc401a277151a9acf9+uncommitted-corpus-build,ACTIVE
PSL-GEN-0083,PSL,576100898c26d65b2827cbbc401a277151a9acf9+uncommitted-corpus-build,ACTIVE
PSL-GEN-0085,PSL,576100898c26d65b2827cbbc401a277151a9acf9+uncommitted-corpus-build,ACTIVE
PSL-GEN-0086,PSL,576100898c26d65b2827cbbc401a277151a9acf9+uncommitted-corpus-build,ACTIVE
PSL-GEN-0087,PSL,576100898c26d65b2827cbbc401a277151a9acf9+uncommitted-corpus-build,ACTIVE
PSL-GEN-0088,PSL,576100898c26d65b2827cbbc401a277151a9acf9+uncommitted-corpus-build,ACTIVE
PSL-GEN-0089,PSL,576100898c26d65b2827cbbc401a277151a9acf9+uncommitted-corpus-build,ACTIVE
PSL-GEN-0090,PSL,576100898c26d65b2827cbbc401a277151a9acf9+uncommitted-corpus-build,ACTIVE
PSL-GEN-0092,PSL,576100898c26d65b2827cbbc401a277151a9acf9+uncommitted-corpus-build,ACTIVE
PSL-GEN-0093,PSL,576100898c26d65b2827cbbc401a277151a9acf9+uncommitted-corpus-build,ACTIVE
PSL-GEN-0094,PSL,576100898c26d65b2827cbbc401a277151a9acf9+uncommitted-corpus-build,ACTIVE
PSL-GEN-0095,PSL,576100898c26d65b2827cbbc401a277151a9acf9+uncommitted-corpus-build,ACTIVE
PSL-GEN-0096,PSL,576100898c26d65b2827cbbc401a277151a9acf9+uncommitted-corpus-build,ACTIVE
PSL-GEN-0097,PSL,576100898c26d65b2827cbbc401a277151a9acf9+uncommitted-corpus-build,ACTIVE
PSL-GEN-0098,PSL,576100898c26d65b2827cbbc401a277151a9acf9+uncommitted-corpus-build,ACTIVE
PSL-GEN-0099,PSL,576100898c26d65b2827cbbc401a277151a9acf9+uncommitted-corpus-build,ACTIVE
PSL-GEN-0101,PSL,576100898c26d65b2827cbbc401a277151a9acf9+uncommitted-corpus-build,ACTIVE
PSL-GEN-0102,PSL,576100898c26d65b2827cbbc401a277151a9acf9+uncommitted-corpus-build,ACTIVE
PSL-GEN-0103,PSL,576100898c26d65b2827cbbc401a277151a9acf9+uncommitted-corpus-build,ACTIVE
PSL-GEN-0104,PSL,576100898c26d65b2827cbbc401a277151a9acf9+uncommitted-corpus-build,ACTIVE
PSL-GEN-0105,PSL,576100898c26d65b2827cbbc401a277151a9acf9+uncommitted-corpus-build,ACTIVE
PSL-GEN-0106,PSL,576100898c26d65b2827cbbc401a277151a9acf9+uncommitted-corpus-build,ACTIVE
PSL-GEN-0107,PSL,576100898c26d65b2827cbbc401a277151a9acf9+uncommitted-corpus-build,ACTIVE
PSL-GEN-0108,PSL,576100898c26d65b2827cbbc401a277151a9acf9+uncommitted-corpus-build,ACTIVE
PSL-GEN-0110,PSL,576100898c26d65b2827cbbc401a277151a9acf9+uncommitted-corpus-build,ACTIVE
PSL-GEN-0112,PSL,576100898c26d65b2827cbbc401a277151a9acf9+uncommitted-corpus-build,ACTIVE
PSL-GEN-0114,PSL,576100898c26d65b2827cbbc401a277151a9acf9+uncommitted-corpus-build,ACTIVE
PSL-GEN-0116,PSL,576100898c26d65b2827cbbc401a277151a9acf9+uncommitted-corpus-build,ACTIVE
PSL-GEN-0118,PSL,576100898c26d65b2827cbbc401a277151a9acf9+uncommitted-corpus-build,ACTIVE
PSL-GEN-0119,PSL,576100898c26d65b2827cbbc401a277151a9acf9+uncommitted-corpus-build,ACTIVE
PSL-GEN-0120,PSL,576100898c26d65b2827cbbc401a277151a9acf9+uncommitted-corpus-build,ACTIVE
PSL-GEN-0121,PSL,576100898c26d65b2827cbbc401a277151a9acf9+uncommitted-corpus-build,ACTIVE
PSL-GEN-0123,PSL,576100898c26d65b2827cbbc401a277151a9acf9+uncommitted-corpus-build,ACTIVE
PSL-GEN-0125,PSL,576100898c26d65b2827cbbc401a277151a9acf9+uncommitted-corpus-build,ACTIVE
PSL-GEN-0127,PSL,576100898c26d65b2827cbbc401a277151a9acf9+uncommitted-corpus-build,ACTIVE
PSL-GEN-0129,PSL,576100898c26d65b2827cbbc401a277151a9acf9+uncommitted-corpus-build,ACTIVE
PSL-GEN-0131,PSL,576100898c26d65b2827cbbc401a277151a9acf9+uncommitted-corpus-build,ACTIVE
PSL-GEN-0133,PSL,576100898c26d65b2827cbbc401a277151a9acf9+uncommitted-corpus-build,ACTIVE
PSL-GEN-0135,PSL,576100898c26d65b2827cbbc401a277151a9acf9+uncommitted-corpus-build,ACTIVE
PSL-GEN-0137,PSL,576100898c26d65b2827cbbc401a277151a9acf9+uncommitted-corpus-build,ACTIVE
PSL-GEN-0138,PSL,576100898c26d65b2827cbbc401a277151a9acf9+uncommitted-corpus-build,ACTIVE
PSL-GEN-0139,PSL,576100898c26d65b2827cbbc401a277151a9acf9+uncommitted-corpus-build,ACTIVE
PSL-GEN-0140,PSL,576100898c26d65b2827cbbc401a277151a9acf9+uncommitted-corpus-build,ACTIVE
PSL-GEN-0141,PSL,576100898c26d65b2827cbbc401a277151a9acf9+uncommitted-corpus-build,ACTIVE
PSL-GEN-0142,PSL,576100898c26d65b2827cbbc401a277151a9acf9+uncommitted-corpus-build,ACTIVE
PSL-GEN-0144,PSL,576100898c26d65b2827cbbc401a277151a9acf9+uncommitted-corpus-build,ACTIVE
PSL-GEN-0146,PSL,576100898c26d65b2827cbbc401a277151a9acf9+uncommitted-corpus-build,ACTIVE
PSL-GEN-0148,PSL,576100898c26d65b2827cbbc401a277151a9acf9+uncommitted-corpus-build,ACTIVE
PSL-GEN-0150,PSL,576100898c26d65b2827cbbc401a277151a9acf9+uncommitted-corpus-build,ACTIVE
PSL-GEN-0152,PSL,576100898c26d65b2827cbbc401a277151a9acf9+uncommitted-corpus-build,ACTIVE
PSL-GEN-0154,PSL,576100898c26d65b2827cbbc401a277151a9acf9+uncommitted-corpus-build,ACTIVE
PSL-GEN-0155,PSL,576100898c26d65b2827cbbc401a277151a9acf9+uncommitted-corpus-build,ACTIVE
PSL-GEN-0156,PSL,576100898c26d65b2827cbbc401a277151a9acf9+uncommitted-corpus-build,ACTIVE
PSL-GEN-0157,PSL,576100898c26d65b2827cbbc401a277151a9acf9+uncommitted-corpus-build,ACTIVE
PSL-GEN-0159,PSL,576100898c26d65b2827cbbc401a277151a9acf9+uncommitted-corpus-build,ACTIVE
PSL-GEN-0161,PSL,576100898c26d65b2827cbbc401a277151a9acf9+uncommitted-corpus-build,ACTIVE
PSL-GEN-0163,PSL,576100898c26d65b2827cbbc401a277151a9acf9+uncommitted-corpus-build,ACTIVE
PSL-GEN-0165,PSL,576100898c26d65b2827cbbc401a277151a9acf9+uncommitted-corpus-build,ACTIVE
PSL-GEN-0167,PSL,576100898c26d65b2827cbbc401a277151a9acf9+uncommitted-corpus-build,ACTIVE
PSL-GEN-0169,PSL,576100898c26d65b2827cbbc401a277151a9acf9+uncommitted-corpus-build,ACTIVE
PSL-GEN-0171,PSL,576100898c26d65b2827cbbc401a277151a9acf9+uncommitted-corpus-build,ACTIVE
PSL-GEN-0173,PSL,576100898c26d65b2827cbbc401a277151a9acf9+uncommitted-corpus-build,ACTIVE
PSL-GEN-0174,PSL,576100898c26d65b2827cbbc401a277151a9acf9+uncommitted-corpus-build,ACTIVE
PSL-GEN-0175,PSL,576100898c26d65b2827cbbc401a277151a9acf9+uncommitted-corpus-build,ACTIVE
PSL-GEN-0176,PSL,576100898c26d65b2827cbbc401a277151a9acf9+uncommitted-corpus-build,ACTIVE
PSL-GEN-0177,PSL,576100898c26d65b2827cbbc401a277151a9acf9+uncommitted-corpus-build,ACTIVE
PSL-GEN-0178,PSL,576100898c26d65b2827cbbc401a277151a9acf9+uncommitted-corpus-build,ACTIVE
PSL-GEN-0180,PSL,576100898c26d65b2827cbbc401a277151a9acf9+uncommitted-corpus-build,ACTIVE
PSL-GEN-0182,PSL,576100898c26d65b2827cbbc401a277151a9acf9+uncommitted-corpus-build,ACTIVE
PSL-GEN-0184,PSL,576100898c26d65b2827cbbc401a277151a9acf9+uncommitted-corpus-build,ACTIVE
PSL-GEN-0186,PSL,576100898c26d65b2827cbbc401a277151a9acf9+uncommitted-corpus-build,ACTIVE
PSL-GEN-0188,PSL,576100898c26d65b2827cbbc401a277151a9acf9+uncommitted-corpus-build,ACTIVE
PSL-GEN-0190,PSL,576100898c26d65b2827cbbc401a277151a9acf9+uncommitted-corpus-build,ACTIVE
PSL-GEN-0191,PSL,576100898c26d65b2827cbbc401a277151a9acf9+uncommitted-corpus-build,ACTIVE
PSL-GEN-0192,PSL,576100898c26d65b2827cbbc401a277151a9acf9+uncommitted-corpus-build,ACTIVE
PSL-GEN-0193,PSL,576100898c26d65b2827cbbc401a277151a9acf9+uncommitted-corpus-build,ACTIVE
PSL-GEN-0195,PSL,576100898c26d65b2827cbbc401a277151a9acf9+uncommitted-corpus-build,ACTIVE
PSL-GEN-0197,PSL,576100898c26d65b2827cbbc401a277151a9acf9+uncommitted-corpus-build,ACTIVE
PSL-GEN-0199,PSL,576100898c26d65b2827cbbc401a277151a9acf9+uncommitted-corpus-build,ACTIVE
PSL-GEN-0201,PSL,576100898c26d65b2827cbbc401a277151a9acf9+uncommitted-corpus-build,ACTIVE
PSL-GEN-0203,PSL,576100898c26d65b2827cbbc401a277151a9acf9+uncommitted-corpus-build,ACTIVE
PSL-GEN-0205,PSL,576100898c26d65b2827cbbc401a277151a9acf9+uncommitted-corpus-build,ACTIVE
PSL-GEN-0206,PSL,576100898c26d65b2827cbbc401a277151a9acf9+uncommitted-corpus-build,ACTIVE
PSL-GEN-0207,PSL,576100898c26d65b2827cbbc401a277151a9acf9+uncommitted-corpus-build,ACTIVE
PSL-GEN-0208,PSL,576100898c26d65b2827cbbc401a277151a9acf9+uncommitted-corpus-build,ACTIVE
PSL-GEN-0210,PSL,576100898c26d65b2827cbbc401a277151a9acf9+uncommitted-corpus-build,ACTIVE
PSL-GEN-0212,PSL,576100898c26d65b2827cbbc401a277151a9acf9+uncommitted-corpus-build,ACTIVE
PSL-GEN-0214,PSL,576100898c26d65b2827cbbc401a277151a9acf9+uncommitted-corpus-build,ACTIVE
PSL-GEN-0216,PSL,576100898c26d65b2827cbbc401a277151a9acf9+uncommitted-corpus-build,ACTIVE
PSL-GEN-0217,PSL,576100898c26d65b2827cbbc401a277151a9acf9+uncommitted-corpus-build,ACTIVE
PSL-GEN-0218,PSL,576100898c26d65b2827cbbc401a277151a9acf9+uncommitted-corpus-build,ACTIVE
PSL-GEN-0219,PSL,576100898c26d65b2827cbbc401a277151a9acf9+uncommitted-corpus-build,ACTIVE
PSL-GEN-0220,PSL,576100898c26d65b2827cbbc401a277151a9acf9+uncommitted-corpus-build,ACTIVE
PSL-GEN-0221,PSL,576100898c26d65b2827cbbc401a277151a9acf9+uncommitted-corpus-build,ACTIVE
PSL-GEN-0222,PSL,576100898c26d65b2827cbbc401a277151a9acf9+uncommitted-corpus-build,ACTIVE
PSL-GEN-0223,PSL,576100898c26d65b2827cbbc401a277151a9acf9+uncommitted-corpus-build,ACTIVE
PSL-GEN-0225,PSL,576100898c26d65b2827cbbc401a277151a9acf9+uncommitted-corpus-build,ACTIVE
PSL-GEN-0227,PSL,576100898c26d65b2827cbbc401a277151a9acf9+uncommitted-corpus-build,ACTIVE
PSL-GEN-0229,PSL,576100898c26d65b2827cbbc401a277151a9acf9+uncommitted-corpus-build,ACTIVE
PSL-GEN-0231,PSL,576100898c26d65b2827cbbc401a277151a9acf9+uncommitted-corpus-build,ACTIVE
PSL-GEN-0233,PSL,576100898c26d65b2827cbbc401a277151a9acf9+uncommitted-corpus-build,ACTIVE
PSL-GEN-0235,PSL,576100898c26d65b2827cbbc401a277151a9acf9+uncommitted-corpus-build,ACTIVE
PSL-GEN-0236,PSL,576100898c26d65b2827cbbc401a277151a9acf9+uncommitted-corpus-build,ACTIVE
PSL-GEN-0237,PSL,576100898c26d65b2827cbbc401a277151a9acf9+uncommitted-corpus-build,ACTIVE
PSL-GEN-0238,PSL,576100898c26d65b2827cbbc401a277151a9acf9+uncommitted-corpus-build,ACTIVE
PSL-GEN-0240,PSL,576100898c26d65b2827cbbc401a277151a9acf9+uncommitted-corpus-build,ACTIVE
PSL-GEN-0242,PSL,576100898c26d65b2827cbbc401a277151a9acf9+uncommitted-corpus-build,ACTIVE
PSL-GEN-0244,PSL,576100898c26d65b2827cbbc401a277151a9acf9+uncommitted-corpus-build,ACTIVE
PSL-GEN-0246,PSL,576100898c26d65b2827cbbc401a277151a9acf9+uncommitted-corpus-build,ACTIVE
PSL-GEN-0248,PSL,576100898c26d65b2827cbbc401a277151a9acf9+uncommitted-corpus-build,ACTIVE
PSL-GEN-0250,PSL,576100898c26d65b2827cbbc401a277151a9acf9+uncommitted-corpus-build,ACTIVE
PSL-GEN-0252,PSL,576100898c26d65b2827cbbc401a277151a9acf9+uncommitted-corpus-build,ACTIVE
PSL-GEN-0254,PSL,576100898c26d65b2827cbbc401a277151a9acf9+uncommitted-corpus-build,ACTIVE
PSL-GEN-0255,PSL,576100898c26d65b2827cbbc401a277151a9acf9+uncommitted-corpus-build,ACTIVE
PSL-GEN-0256,PSL,576100898c26d65b2827cbbc401a277151a9acf9+uncommitted-corpus-build,ACTIVE
PSL-GEN-0257,PSL,576100898c26d65b2827cbbc401a277151a9acf9+uncommitted-corpus-build,ACTIVE
PSL-GEN-0258,PSL,576100898c26d65b2827cbbc401a277151a9acf9+uncommitted-corpus-build,ACTIVE
PSL-GEN-0260,PSL,576100898c26d65b2827cbbc401a277151a9acf9+uncommitted-corpus-build,ACTIVE
PSL-GEN-0262,PSL,576100898c26d65b2827cbbc401a277151a9acf9+uncommitted-corpus-build,ACTIVE
PSL-GEN-0263,PSL,576100898c26d65b2827cbbc401a277151a9acf9+uncommitted-corpus-build,ACTIVE
PSL-GEN-0264,PSL,576100898c26d65b2827cbbc401a277151a9acf9+uncommitted-corpus-build,ACTIVE
PSL-GEN-0265,PSL,576100898c26d65b2827cbbc401a277151a9acf9+uncommitted-corpus-build,ACTIVE
PSL-GEN-0266,PSL,576100898c26d65b2827cbbc401a277151a9acf9+uncommitted-corpus-build,ACTIVE
PSL-GEN-0267,PSL,576100898c26d65b2827cbbc401a277151a9acf9+uncommitted-corpus-build,ACTIVE
PSL-GEN-0268,PSL,576100898c26d65b2827cbbc401a277151a9acf9+uncommitted-corpus-build,ACTIVE
PSL-GEN-0270,PSL,576100898c26d65b2827cbbc401a277151a9acf9+uncommitted-corpus-build,ACTIVE
PSL-GEN-0272,PSL,576100898c26d65b2827cbbc401a277151a9acf9+uncommitted-corpus-build,ACTIVE
PSL-GEN-0274,PSL,576100898c26d65b2827cbbc401a277151a9acf9+uncommitted-corpus-build,ACTIVE
QPS250415-20250415-0001,QPS250415,576100898c26d65b2827cbbc401a277151a9acf9+uncommitted-corpus-build,ACTIVE
QPS250415-20250415-0003,QPS250415,576100898c26d65b2827cbbc401a277151a9acf9+uncommitted-corpus-build,ACTIVE
QPS250415-20250415-0004,QPS250415,576100898c26d65b2827cbbc401a277151a9acf9+uncommitted-corpus-build,ACTIVE
QPS250415-20250415-0005,QPS250415,576100898c26d65b2827cbbc401a277151a9acf9+uncommitted-corpus-build,ACTIVE
QPS250415-20250415-0006,QPS250415,576100898c26d65b2827cbbc401a277151a9acf9+uncommitted-corpus-build,ACTIVE
QPS250415-20250415-0007,QPS250415,576100898c26d65b2827cbbc401a277151a9acf9+uncommitted-corpus-build,ACTIVE
QPS250415-20250415-0008,QPS250415,576100898c26d65b2827cbbc401a277151a9acf9+uncommitted-corpus-build,ACTIVE
QPS250415-20250415-0010,QPS250415,576100898c26d65b2827cbbc401a277151a9acf9+uncommitted-corpus-build,ACTIVE
QPS250415-20250415-0012,QPS250415,576100898c26d65b2827cbbc401a277151a9acf9+uncommitted-corpus-build,ACTIVE
QPS250415-20250415-0013,QPS250415,576100898c26d65b2827cbbc401a277151a9acf9+uncommitted-corpus-build,ACTIVE
QPS250415-20250415-0015,QPS250415,576100898c26d65b2827cbbc401a277151a9acf9+uncommitted-corpus-build,ACTIVE
QPS250415-20250415-0017,QPS250415,576100898c26d65b2827cbbc401a277151a9acf9+uncommitted-corpus-build,ACTIVE
QPS250415-20250415-0019,QPS250415,576100898c26d65b2827cbbc401a277151a9acf9+uncommitted-corpus-build,ACTIVE
QPS250415-20250415-0021,QPS250415,576100898c26d65b2827cbbc401a277151a9acf9+uncommitted-corpus-build,ACTIVE
QPS250415-20250415-0023,QPS250415,576100898c26d65b2827cbbc401a277151a9acf9+uncommitted-corpus-build,ACTIVE
QPS250415-20250415-0025,QPS250415,576100898c26d65b2827cbbc401a277151a9acf9+uncommitted-corpus-build,ACTIVE
QPS250415-20250415-0027,QPS250415,576100898c26d65b2827cbbc401a277151a9acf9+uncommitted-corpus-build,ACTIVE
QPS250415-20250415-0029,QPS250415,576100898c26d65b2827cbbc401a277151a9acf9+uncommitted-corpus-build,ACTIVE
QPS250415-20250415-0031,QPS250415,576100898c26d65b2827cbbc401a277151a9acf9+uncommitted-corpus-build,ACTIVE
QPS250415-20250415-0032,QPS250415,576100898c26d65b2827cbbc401a277151a9acf9+uncommitted-corpus-build,ACTIVE
QPS250415-20250415-0033,QPS250415,576100898c26d65b2827cbbc401a277151a9acf9+uncommitted-corpus-build,ACTIVE
QPS250415-20250415-0034,QPS250415,576100898c26d65b2827cbbc401a277151a9acf9+uncommitted-corpus-build,ACTIVE
QPS250415-20250415-0036,QPS250415,576100898c26d65b2827cbbc401a277151a9acf9+uncommitted-corpus-build,ACTIVE
QPS250415-20250415-0038,QPS250415,576100898c26d65b2827cbbc401a277151a9acf9+uncommitted-corpus-build,ACTIVE
QPS250530-20250530-0001,QPS250530,576100898c26d65b2827cbbc401a277151a9acf9+uncommitted-corpus-build,ACTIVE
QPS250530-20250530-0003,QPS250530,576100898c26d65b2827cbbc401a277151a9acf9+uncommitted-corpus-build,ACTIVE
QPS250530-20250530-0004,QPS250530,576100898c26d65b2827cbbc401a277151a9acf9+uncommitted-corpus-build,ACTIVE
QPS250530-20250530-0005,QPS250530,576100898c26d65b2827cbbc401a277151a9acf9+uncommitted-corpus-build,ACTIVE
QPS250530-20250530-0006,QPS250530,576100898c26d65b2827cbbc401a277151a9acf9+uncommitted-corpus-build,ACTIVE
QPS250530-20250530-0007,QPS250530,576100898c26d65b2827cbbc401a277151a9acf9+uncommitted-corpus-build,ACTIVE
QPS250530-20250530-0008,QPS250530,576100898c26d65b2827cbbc401a277151a9acf9+uncommitted-corpus-build,ACTIVE
QPS250530-20250530-0010,QPS250530,576100898c26d65b2827cbbc401a277151a9acf9+uncommitted-corpus-build,ACTIVE
QPS250530-20250530-0012,QPS250530,576100898c26d65b2827cbbc401a277151a9acf9+uncommitted-corpus-build,ACTIVE
QPS250530-20250530-0014,QPS250530,576100898c26d65b2827cbbc401a277151a9acf9+uncommitted-corpus-build,ACTIVE
QPS250530-20250530-0016,QPS250530,576100898c26d65b2827cbbc401a277151a9acf9+uncommitted-corpus-build,ACTIVE
QPS250530-20250530-0018,QPS250530,576100898c26d65b2827cbbc401a277151a9acf9+uncommitted-corpus-build,ACTIVE
QPS250530-20250530-0020,QPS250530,576100898c26d65b2827cbbc401a277151a9acf9+uncommitted-corpus-build,ACTIVE
QPS250530-20250530-0022,QPS250530,576100898c26d65b2827cbbc401a277151a9acf9+uncommitted-corpus-build,ACTIVE
QPS250530-20250530-0024,QPS250530,576100898c26d65b2827cbbc401a277151a9acf9+uncommitted-corpus-build,ACTIVE
QPS250530-20250530-0026,QPS250530,576100898c26d65b2827cbbc401a277151a9acf9+uncommitted-corpus-build,ACTIVE
QPS250530-20250530-0027,QPS250530,576100898c26d65b2827cbbc401a277151a9acf9+uncommitted-corpus-build,ACTIVE
QPS250530-20250530-0028,QPS250530,576100898c26d65b2827cbbc401a277151a9acf9+uncommitted-corpus-build,ACTIVE
QPS250530-20250530-0029,QPS250530,576100898c26d65b2827cbbc401a277151a9acf9+uncommitted-corpus-build,ACTIVE
QPS250530-20250530-0031,QPS250530,576100898c26d65b2827cbbc401a277151a9acf9+uncommitted-corpus-build,ACTIVE
QPS250530-20250530-0033,QPS250530,576100898c26d65b2827cbbc401a277151a9acf9+uncommitted-corpus-build,ACTIVE
QPS250613-20250613-0001,QPS250613,576100898c26d65b2827cbbc401a277151a9acf9+uncommitted-corpus-build,ACTIVE
QPS250613-20250613-0003,QPS250613,576100898c26d65b2827cbbc401a277151a9acf9+uncommitted-corpus-build,ACTIVE
QPS250613-20250613-0004,QPS250613,576100898c26d65b2827cbbc401a277151a9acf9+uncommitted-corpus-build,ACTIVE
QPS250613-20250613-0005,QPS250613,576100898c26d65b2827cbbc401a277151a9acf9+uncommitted-corpus-build,ACTIVE
QPS250613-20250613-0006,QPS250613,576100898c26d65b2827cbbc401a277151a9acf9+uncommitted-corpus-build,ACTIVE
QPS250613-20250613-0007,QPS250613,576100898c26d65b2827cbbc401a277151a9acf9+uncommitted-corpus-build,ACTIVE
QPS250613-20250613-0008,QPS250613,576100898c26d65b2827cbbc401a277151a9acf9+uncommitted-corpus-build,ACTIVE
QPS250613-20250613-0010,QPS250613,576100898c26d65b2827cbbc401a277151a9acf9+uncommitted-corpus-build,ACTIVE
QPS250613-20250613-0012,QPS250613,576100898c26d65b2827cbbc401a277151a9acf9+uncommitted-corpus-build,ACTIVE
QPS250613-20250613-0014,QPS250613,576100898c26d65b2827cbbc401a277151a9acf9+uncommitted-corpus-build,ACTIVE
QPS250613-20250613-0016,QPS250613,576100898c26d65b2827cbbc401a277151a9acf9+uncommitted-corpus-build,ACTIVE
QPS250613-20250613-0018,QPS250613,576100898c26d65b2827cbbc401a277151a9acf9+uncommitted-corpus-build,ACTIVE
QPS250613-20250613-0020,QPS250613,576100898c26d65b2827cbbc401a277151a9acf9+uncommitted-corpus-build,ACTIVE
QPS250613-20250613-0022,QPS250613,576100898c26d65b2827cbbc401a277151a9acf9+uncommitted-corpus-build,ACTIVE
QPS250613-20250613-0024,QPS250613,576100898c26d65b2827cbbc401a277151a9acf9+uncommitted-corpus-build,ACTIVE
QPS250613-20250613-0026,QPS250613,576100898c26d65b2827cbbc401a277151a9acf9+uncommitted-corpus-build,ACTIVE
QPS250613-20250613-0028,QPS250613,576100898c26d65b2827cbbc401a277151a9acf9+uncommitted-corpus-build,ACTIVE
QPS250613-20250613-0030,QPS250613,576100898c26d65b2827cbbc401a277151a9acf9+uncommitted-corpus-build,ACTIVE
QPS250613-20250613-0032,QPS250613,576100898c26d65b2827cbbc401a277151a9acf9+uncommitted-corpus-build,ACTIVE
QPS250613-20250613-0034,QPS250613,576100898c26d65b2827cbbc401a277151a9acf9+uncommitted-corpus-build,ACTIVE
QPS250613-20250613-0036,QPS250613,576100898c26d65b2827cbbc401a277151a9acf9+uncommitted-corpus-build,ACTIVE
QPS250613-20250613-0038,QPS250613,576100898c26d65b2827cbbc401a277151a9acf9+uncommitted-corpus-build,ACTIVE
QPS250613-20250613-0040,QPS250613,576100898c26d65b2827cbbc401a277151a9acf9+uncommitted-corpus-build,ACTIVE
QPS250613-20250613-0041,QPS250613,576100898c26d65b2827cbbc401a277151a9acf9+uncommitted-corpus-build,ACTIVE
QPS250613-20250613-0042,QPS250613,576100898c26d65b2827cbbc401a277151a9acf9+uncommitted-corpus-build,ACTIVE
QPS250613-20250613-0043,QPS250613,576100898c26d65b2827cbbc401a277151a9acf9+uncommitted-corpus-build,ACTIVE
QPS250613-20250613-0045,QPS250613,576100898c26d65b2827cbbc401a277151a9acf9+uncommitted-corpus-build,ACTIVE
QPS250613-20250613-0047,QPS250613,576100898c26d65b2827cbbc401a277151a9acf9+uncommitted-corpus-build,ACTIVE
QPS260126-20260126-0001,QPS260126,576100898c26d65b2827cbbc401a277151a9acf9+uncommitted-corpus-build,ACTIVE
QPS260126-20260126-0003,QPS260126,576100898c26d65b2827cbbc401a277151a9acf9+uncommitted-corpus-build,ACTIVE
QPS260126-20260126-0004,QPS260126,576100898c26d65b2827cbbc401a277151a9acf9+uncommitted-corpus-build,ACTIVE
QPS260126-20260126-0005,QPS260126,576100898c26d65b2827cbbc401a277151a9acf9+uncommitted-corpus-build,ACTIVE
QPS260126-20260126-0006,QPS260126,576100898c26d65b2827cbbc401a277151a9acf9+uncommitted-corpus-build,ACTIVE
QPS260126-20260126-0007,QPS260126,576100898c26d65b2827cbbc401a277151a9acf9+uncommitted-corpus-build,ACTIVE
QPS260126-20260126-0008,QPS260126,576100898c26d65b2827cbbc401a277151a9acf9+uncommitted-corpus-build,ACTIVE
QPS260126-20260126-0010,QPS260126,576100898c26d65b2827cbbc401a277151a9acf9+uncommitted-corpus-build,ACTIVE
QPS260126-20260126-0012,QPS260126,576100898c26d65b2827cbbc401a277151a9acf9+uncommitted-corpus-build,ACTIVE
QPS260126-20260126-0014,QPS260126,576100898c26d65b2827cbbc401a277151a9acf9+uncommitted-corpus-build,ACTIVE
QPS260126-20260126-0016,QPS260126,576100898c26d65b2827cbbc401a277151a9acf9+uncommitted-corpus-build,ACTIVE
QPS260126-20260126-0018,QPS260126,576100898c26d65b2827cbbc401a277151a9acf9+uncommitted-corpus-build,ACTIVE
QPS260126-20260126-0020,QPS260126,576100898c26d65b2827cbbc401a277151a9acf9+uncommitted-corpus-build,ACTIVE
QPS260126-20260126-0022,QPS260126,576100898c26d65b2827cbbc401a277151a9acf9+uncommitted-corpus-build,ACTIVE
QPS260126-20260126-0024,QPS260126,576100898c26d65b2827cbbc401a277151a9acf9+uncommitted-corpus-build,ACTIVE
QPS260126-20260126-0025,QPS260126,576100898c26d65b2827cbbc401a277151a9acf9+uncommitted-corpus-build,ACTIVE
QPS260126-20260126-0027,QPS260126,576100898c26d65b2827cbbc401a277151a9acf9+uncommitted-corpus-build,ACTIVE
QPS260126-20260126-0029,QPS260126,576100898c26d65b2827cbbc401a277151a9acf9+uncommitted-corpus-build,ACTIVE
REB25-20250325-0030,REB25,576100898c26d65b2827cbbc401a277151a9acf9+uncommitted-corpus-build,ACTIVE
REB25-20250325-0031,REB25,576100898c26d65b2827cbbc401a277151a9acf9+uncommitted-corpus-build,ACTIVE
REB25-20250325-0032,REB25,576100898c26d65b2827cbbc401a277151a9acf9+uncommitted-corpus-build,ACTIVE
REB25-20250325-0034,REB25,576100898c26d65b2827cbbc401a277151a9acf9+uncommitted-corpus-build,ACTIVE
REB25-20250325-0035,REB25,576100898c26d65b2827cbbc401a277151a9acf9+uncommitted-corpus-build,ACTIVE
REB25-20250325-0039,REB25,576100898c26d65b2827cbbc401a277151a9acf9+uncommitted-corpus-build,ACTIVE
REB25-20250325-0041,REB25,576100898c26d65b2827cbbc401a277151a9acf9+uncommitted-corpus-build,ACTIVE
REB25-20250325-0042,REB25,576100898c26d65b2827cbbc401a277151a9acf9+uncommitted-corpus-build,ACTIVE
REB25-20250325-0043,REB25,576100898c26d65b2827cbbc401a277151a9acf9+uncommitted-corpus-build,ACTIVE
REB25-20250325-0044,REB25,576100898c26d65b2827cbbc401a277151a9acf9+uncommitted-corpus-build,ACTIVE
REB25-20250325-0045,REB25,576100898c26d65b2827cbbc401a277151a9acf9+uncommitted-corpus-build,ACTIVE
REB25-20250325-0047,REB25,576100898c26d65b2827cbbc401a277151a9acf9+uncommitted-corpus-build,ACTIVE
REB25-20250325-0048,REB25,576100898c26d65b2827cbbc401a277151a9acf9+uncommitted-corpus-build,ACTIVE
REB25-20250325-0049,REB25,576100898c26d65b2827cbbc401a277151a9acf9+uncommitted-corpus-build,ACTIVE
REB25-20250325-0050,REB25,576100898c26d65b2827cbbc401a277151a9acf9+uncommitted-corpus-build,ACTIVE
REB25-20250325-0051,REB25,576100898c26d65b2827cbbc401a277151a9acf9+uncommitted-corpus-build,ACTIVE
REB25-20250325-0053,REB25,576100898c26d65b2827cbbc401a277151a9acf9+uncommitted-corpus-build,ACTIVE
REB25-20250325-0054,REB25,576100898c26d65b2827cbbc401a277151a9acf9+uncommitted-corpus-build,ACTIVE
REB25-20250325-0055,REB25,576100898c26d65b2827cbbc401a277151a9acf9+uncommitted-corpus-build,ACTIVE
REB25-20250325-0056,REB25,576100898c26d65b2827cbbc401a277151a9acf9+uncommitted-corpus-build,ACTIVE
REB25-20250325-0057,REB25,576100898c26d65b2827cbbc401a277151a9acf9+uncommitted-corpus-build,ACTIVE
REB25-20250325-0058,REB25,576100898c26d65b2827cbbc401a277151a9acf9+uncommitted-corpus-build,ACTIVE
REB25-20250325-0059,REB25,576100898c26d65b2827cbbc401a277151a9acf9+uncommitted-corpus-build,ACTIVE
REB25-20250325-0061,REB25,576100898c26d65b2827cbbc401a277151a9acf9+uncommitted-corpus-build,ACTIVE
REB25-20250325-0062,REB25,576100898c26d65b2827cbbc401a277151a9acf9+uncommitted-corpus-build,ACTIVE
REB25-20250325-0063,REB25,576100898c26d65b2827cbbc401a277151a9acf9+uncommitted-corpus-build,ACTIVE
REB25-20250325-0064,REB25,576100898c26d65b2827cbbc401a277151a9acf9+uncommitted-corpus-build,ACTIVE
REB25-20250325-0065,REB25,576100898c26d65b2827cbbc401a277151a9acf9+uncommitted-corpus-build,ACTIVE
REB25-20250325-0066,REB25,576100898c26d65b2827cbbc401a277151a9acf9+uncommitted-corpus-build,ACTIVE
REB25-20250325-0067,REB25,576100898c26d65b2827cbbc401a277151a9acf9+uncommitted-corpus-build,ACTIVE
REB25-20250325-0069,REB25,576100898c26d65b2827cbbc401a277151a9acf9+uncommitted-corpus-build,ACTIVE
REB25-20250325-0070,REB25,576100898c26d65b2827cbbc401a277151a9acf9+uncommitted-corpus-build,ACTIVE
REB25-20250325-0071,REB25,576100898c26d65b2827cbbc401a277151a9acf9+uncommitted-corpus-build,ACTIVE
REB25-20250325-0074,REB25,576100898c26d65b2827cbbc401a277151a9acf9+uncommitted-corpus-build,ACTIVE
REB25-20250325-0076,REB25,576100898c26d65b2827cbbc401a277151a9acf9+uncommitted-corpus-build,ACTIVE
REB25-20250325-0077,REB25,576100898c26d65b2827cbbc401a277151a9acf9+uncommitted-corpus-build,ACTIVE
REB25-20250325-0079,REB25,576100898c26d65b2827cbbc401a277151a9acf9+uncommitted-corpus-build,ACTIVE
REB25-20250325-0080,REB25,576100898c26d65b2827cbbc401a277151a9acf9+uncommitted-corpus-build,ACTIVE
REB25-20250325-0081,REB25,576100898c26d65b2827cbbc401a277151a9acf9+uncommitted-corpus-build,ACTIVE
REB25-20250325-0083,REB25,576100898c26d65b2827cbbc401a277151a9acf9+uncommitted-corpus-build,ACTIVE
REB25-20250325-0084,REB25,576100898c26d65b2827cbbc401a277151a9acf9+uncommitted-corpus-build,ACTIVE
REB25-20250325-0086,REB25,576100898c26d65b2827cbbc401a277151a9acf9+uncommitted-corpus-build,ACTIVE
REB25-20250325-0088,REB25,576100898c26d65b2827cbbc401a277151a9acf9+uncommitted-corpus-build,ACTIVE
REB25-20250325-0089,REB25,576100898c26d65b2827cbbc401a277151a9acf9+uncommitted-corpus-build,ACTIVE
REB25-20250325-0090,REB25,576100898c26d65b2827cbbc401a277151a9acf9+uncommitted-corpus-build,ACTIVE
REB25-20250325-0091,REB25,576100898c26d65b2827cbbc401a277151a9acf9+uncommitted-corpus-build,ACTIVE
REB25-20250325-0093,REB25,576100898c26d65b2827cbbc401a277151a9acf9+uncommitted-corpus-build,ACTIVE
REB25-20250325-0094,REB25,576100898c26d65b2827cbbc401a277151a9acf9+uncommitted-corpus-build,ACTIVE
REB25-20250325-0095,REB25,576100898c26d65b2827cbbc401a277151a9acf9+uncommitted-corpus-build,ACTIVE
REB25-20250325-0096,REB25,576100898c26d65b2827cbbc401a277151a9acf9+uncommitted-corpus-build,ACTIVE
REB25-20250325-0098,REB25,576100898c26d65b2827cbbc401a277151a9acf9+uncommitted-corpus-build,ACTIVE
REB25-20250325-0099,REB25,576100898c26d65b2827cbbc401a277151a9acf9+uncommitted-corpus-build,ACTIVE
REB25-20250325-0100,REB25,576100898c26d65b2827cbbc401a277151a9acf9+uncommitted-corpus-build,ACTIVE
REB25-20250325-0101,REB25,576100898c26d65b2827cbbc401a277151a9acf9+uncommitted-corpus-build,ACTIVE
REB25-20250325-0102,REB25,576100898c26d65b2827cbbc401a277151a9acf9+uncommitted-corpus-build,ACTIVE
REB25-20250325-0103,REB25,576100898c26d65b2827cbbc401a277151a9acf9+uncommitted-corpus-build,ACTIVE
REB25-20250325-0104,REB25,576100898c26d65b2827cbbc401a277151a9acf9+uncommitted-corpus-build,ACTIVE
REB25-20250325-0106,REB25,576100898c26d65b2827cbbc401a277151a9acf9+uncommitted-corpus-build,ACTIVE
REB25-20250325-0107,REB25,576100898c26d65b2827cbbc401a277151a9acf9+uncommitted-corpus-build,ACTIVE
REB25-20250325-0108,REB25,576100898c26d65b2827cbbc401a277151a9acf9+uncommitted-corpus-build,ACTIVE
REB25-20250325-0109,REB25,576100898c26d65b2827cbbc401a277151a9acf9+uncommitted-corpus-build,ACTIVE
REB25-20250325-0110,REB25,576100898c26d65b2827cbbc401a277151a9acf9+uncommitted-corpus-build,ACTIVE
REB25-20250325-0111,REB25,576100898c26d65b2827cbbc401a277151a9acf9+uncommitted-corpus-build,ACTIVE
REB25-20250325-0112,REB25,576100898c26d65b2827cbbc401a277151a9acf9+uncommitted-corpus-build,ACTIVE
REB25-20250325-0113,REB25,576100898c26d65b2827cbbc401a277151a9acf9+uncommitted-corpus-build,ACTIVE
REB25-20250325-0115,REB25,576100898c26d65b2827cbbc401a277151a9acf9+uncommitted-corpus-build,ACTIVE
REB25-20250325-0116,REB25,576100898c26d65b2827cbbc401a277151a9acf9+uncommitted-corpus-build,ACTIVE
REB25-20250325-0117,REB25,576100898c26d65b2827cbbc401a277151a9acf9+uncommitted-corpus-build,ACTIVE
REB25-20250325-0118,REB25,576100898c26d65b2827cbbc401a277151a9acf9+uncommitted-corpus-build,ACTIVE
REB25-20250325-0121,REB25,576100898c26d65b2827cbbc401a277151a9acf9+uncommitted-corpus-build,ACTIVE
REB25-20250325-0123,REB25,576100898c26d65b2827cbbc401a277151a9acf9+uncommitted-corpus-build,ACTIVE
REB25-20250325-0124,REB25,576100898c26d65b2827cbbc401a277151a9acf9+uncommitted-corpus-build,ACTIVE
REB25-20250325-0126,REB25,576100898c26d65b2827cbbc401a277151a9acf9+uncommitted-corpus-build,ACTIVE
REB25-20250325-0127,REB25,576100898c26d65b2827cbbc401a277151a9acf9+uncommitted-corpus-build,ACTIVE
REB25-20250325-0128,REB25,576100898c26d65b2827cbbc401a277151a9acf9+uncommitted-corpus-build,ACTIVE
REB25-20250325-0130,REB25,576100898c26d65b2827cbbc401a277151a9acf9+uncommitted-corpus-build,ACTIVE
REB25-20250325-0132,REB25,576100898c26d65b2827cbbc401a277151a9acf9+uncommitted-corpus-build,ACTIVE
REB25-20250325-0133,REB25,576100898c26d65b2827cbbc401a277151a9acf9+uncommitted-corpus-build,ACTIVE
REB25-20250325-0134,REB25,576100898c26d65b2827cbbc401a277151a9acf9+uncommitted-corpus-build,ACTIVE
REB25-20250325-0135,REB25,576100898c26d65b2827cbbc401a277151a9acf9+uncommitted-corpus-build,ACTIVE
REB25-20250325-0136,REB25,576100898c26d65b2827cbbc401a277151a9acf9+uncommitted-corpus-build,ACTIVE
REB25-20250325-0137,REB25,576100898c26d65b2827cbbc401a277151a9acf9+uncommitted-corpus-build,ACTIVE
REB25-20250325-0139,REB25,576100898c26d65b2827cbbc401a277151a9acf9+uncommitted-corpus-build,ACTIVE
REB25-20250325-0140,REB25,576100898c26d65b2827cbbc401a277151a9acf9+uncommitted-corpus-build,ACTIVE
REB25-20250325-0141,REB25,576100898c26d65b2827cbbc401a277151a9acf9+uncommitted-corpus-build,ACTIVE
REB25-20250325-0142,REB25,576100898c26d65b2827cbbc401a277151a9acf9+uncommitted-corpus-build,ACTIVE
REB25-20250325-0143,REB25,576100898c26d65b2827cbbc401a277151a9acf9+uncommitted-corpus-build,ACTIVE
REB25-20250325-0144,REB25,576100898c26d65b2827cbbc401a277151a9acf9+uncommitted-corpus-build,ACTIVE
REB25-20250325-0145,REB25,576100898c26d65b2827cbbc401a277151a9acf9+uncommitted-corpus-build,ACTIVE
REB25-20250325-0146,REB25,576100898c26d65b2827cbbc401a277151a9acf9+uncommitted-corpus-build,ACTIVE
REB25-20250325-0147,REB25,576100898c26d65b2827cbbc401a277151a9acf9+uncommitted-corpus-build,ACTIVE
REB25-20250325-0148,REB25,576100898c26d65b2827cbbc401a277151a9acf9+uncommitted-corpus-build,ACTIVE
REB25-20250325-0150,REB25,576100898c26d65b2827cbbc401a277151a9acf9+uncommitted-corpus-build,ACTIVE
REB25-20250325-0151,REB25,576100898c26d65b2827cbbc401a277151a9acf9+uncommitted-corpus-build,ACTIVE
REB25-20250325-0152,REB25,576100898c26d65b2827cbbc401a277151a9acf9+uncommitted-corpus-build,ACTIVE
REB25-20250325-0153,REB25,576100898c26d65b2827cbbc401a277151a9acf9+uncommitted-corpus-build,ACTIVE
REB25-20250325-0154,REB25,576100898c26d65b2827cbbc401a277151a9acf9+uncommitted-corpus-build,ACTIVE
REB25-20250325-0155,REB25,576100898c26d65b2827cbbc401a277151a9acf9+uncommitted-corpus-build,ACTIVE
REB25-20250325-0156,REB25,576100898c26d65b2827cbbc401a277151a9acf9+uncommitted-corpus-build,ACTIVE
REB25-20250325-0158,REB25,576100898c26d65b2827cbbc401a277151a9acf9+uncommitted-corpus-build,ACTIVE
REB25-20250325-0159,REB25,576100898c26d65b2827cbbc401a277151a9acf9+uncommitted-corpus-build,ACTIVE
REB25-20250325-0160,REB25,576100898c26d65b2827cbbc401a277151a9acf9+uncommitted-corpus-build,ACTIVE
REB25-20250325-0161,REB25,576100898c26d65b2827cbbc401a277151a9acf9+uncommitted-corpus-build,ACTIVE
REB25-20250325-0163,REB25,576100898c26d65b2827cbbc401a277151a9acf9+uncommitted-corpus-build,ACTIVE
REB25-20250325-0164,REB25,576100898c26d65b2827cbbc401a277151a9acf9+uncommitted-corpus-build,ACTIVE
REB25-20250325-0165,REB25,576100898c26d65b2827cbbc401a277151a9acf9+uncommitted-corpus-build,ACTIVE
REB25-20250325-0166,REB25,576100898c26d65b2827cbbc401a277151a9acf9+uncommitted-corpus-build,ACTIVE
REB25-20250325-0169,REB25,576100898c26d65b2827cbbc401a277151a9acf9+uncommitted-corpus-build,ACTIVE
REB25-20250325-0171,REB25,576100898c26d65b2827cbbc401a277151a9acf9+uncommitted-corpus-build,ACTIVE
REB25-20250325-0172,REB25,576100898c26d65b2827cbbc401a277151a9acf9+uncommitted-corpus-build,ACTIVE
REB25-20250325-0174,REB25,576100898c26d65b2827cbbc401a277151a9acf9+uncommitted-corpus-build,ACTIVE
REB25-20250325-0176,REB25,576100898c26d65b2827cbbc401a277151a9acf9+uncommitted-corpus-build,ACTIVE
REB25-20250325-0177,REB25,576100898c26d65b2827cbbc401a277151a9acf9+uncommitted-corpus-build,ACTIVE
REB25-20250325-0178,REB25,576100898c26d65b2827cbbc401a277151a9acf9+uncommitted-corpus-build,ACTIVE
REB25-20250325-0181,REB25,576100898c26d65b2827cbbc401a277151a9acf9+uncommitted-corpus-build,ACTIVE
SIMT250901-20250901-0001,SIMT250901,576100898c26d65b2827cbbc401a277151a9acf9+uncommitted-corpus-build,ACTIVE
SIMT250901-20250901-0003,SIMT250901,576100898c26d65b2827cbbc401a277151a9acf9+uncommitted-corpus-build,ACTIVE
SIMT250901-20250901-0004,SIMT250901,576100898c26d65b2827cbbc401a277151a9acf9+uncommitted-corpus-build,ACTIVE
SIMT250901-20250901-0005,SIMT250901,576100898c26d65b2827cbbc401a277151a9acf9+uncommitted-corpus-build,ACTIVE
SIMT250901-20250901-0006,SIMT250901,576100898c26d65b2827cbbc401a277151a9acf9+uncommitted-corpus-build,ACTIVE
SIMT250901-20250901-0007,SIMT250901,576100898c26d65b2827cbbc401a277151a9acf9+uncommitted-corpus-build,ACTIVE
SIMT250901-20250901-0008,SIMT250901,576100898c26d65b2827cbbc401a277151a9acf9+uncommitted-corpus-build,ACTIVE
SIMT250901-20250901-0009,SIMT250901,576100898c26d65b2827cbbc401a277151a9acf9+uncommitted-corpus-build,ACTIVE
SIMT250901-20250901-0010,SIMT250901,576100898c26d65b2827cbbc401a277151a9acf9+uncommitted-corpus-build,ACTIVE
SIMT250901-20250901-0012,SIMT250901,576100898c26d65b2827cbbc401a277151a9acf9+uncommitted-corpus-build,ACTIVE
SIMT250901-20250901-0014,SIMT250901,576100898c26d65b2827cbbc401a277151a9acf9+uncommitted-corpus-build,ACTIVE
SIMT250901-20250901-0016,SIMT250901,576100898c26d65b2827cbbc401a277151a9acf9+uncommitted-corpus-build,ACTIVE
SIMT250901-20250901-0018,SIMT250901,576100898c26d65b2827cbbc401a277151a9acf9+uncommitted-corpus-build,ACTIVE
SIMT250901-20250901-0020,SIMT250901,576100898c26d65b2827cbbc401a277151a9acf9+uncommitted-corpus-build,ACTIVE
SIMT250901-20250901-0022,SIMT250901,576100898c26d65b2827cbbc401a277151a9acf9+uncommitted-corpus-build,ACTIVE
SIMT250901-20250901-0023,SIMT250901,576100898c26d65b2827cbbc401a277151a9acf9+uncommitted-corpus-build,ACTIVE
SIMT250901-20250901-0025,SIMT250901,576100898c26d65b2827cbbc401a277151a9acf9+uncommitted-corpus-build,ACTIVE
SIMT250901-20250901-0026,SIMT250901,576100898c26d65b2827cbbc401a277151a9acf9+uncommitted-corpus-build,ACTIVE
SIMT250901-20250901-0027,SIMT250901,576100898c26d65b2827cbbc401a277151a9acf9+uncommitted-corpus-build,ACTIVE
SIMT250901-20250901-0029,SIMT250901,576100898c26d65b2827cbbc401a277151a9acf9+uncommitted-corpus-build,ACTIVE
SIMT250901-20250901-0031,SIMT250901,576100898c26d65b2827cbbc401a277151a9acf9+uncommitted-corpus-build,ACTIVE
SIMT250903-20250903-0001,SIMT250903,576100898c26d65b2827cbbc401a277151a9acf9+uncommitted-corpus-build,ACTIVE
SIMT250903-20250903-0003,SIMT250903,576100898c26d65b2827cbbc401a277151a9acf9+uncommitted-corpus-build,ACTIVE
SIMT250903-20250903-0004,SIMT250903,576100898c26d65b2827cbbc401a277151a9acf9+uncommitted-corpus-build,ACTIVE
SIMT250903-20250903-0005,SIMT250903,576100898c26d65b2827cbbc401a277151a9acf9+uncommitted-corpus-build,ACTIVE
SIMT250903-20250903-0006,SIMT250903,576100898c26d65b2827cbbc401a277151a9acf9+uncommitted-corpus-build,ACTIVE
SIMT250903-20250903-0007,SIMT250903,576100898c26d65b2827cbbc401a277151a9acf9+uncommitted-corpus-build,ACTIVE
SIMT250903-20250903-0008,SIMT250903,576100898c26d65b2827cbbc401a277151a9acf9+uncommitted-corpus-build,ACTIVE
SIMT250903-20250903-0010,SIMT250903,576100898c26d65b2827cbbc401a277151a9acf9+uncommitted-corpus-build,ACTIVE
SIMT250903-20250903-0012,SIMT250903,576100898c26d65b2827cbbc401a277151a9acf9+uncommitted-corpus-build,ACTIVE
SIMT250903-20250903-0014,SIMT250903,576100898c26d65b2827cbbc401a277151a9acf9+uncommitted-corpus-build,ACTIVE
SIMT250903-20250903-0016,SIMT250903,576100898c26d65b2827cbbc401a277151a9acf9+uncommitted-corpus-build,ACTIVE
SIMT250903-20250903-0018,SIMT250903,576100898c26d65b2827cbbc401a277151a9acf9+uncommitted-corpus-build,ACTIVE
SIMT250903-20250903-0020,SIMT250903,576100898c26d65b2827cbbc401a277151a9acf9+uncommitted-corpus-build,ACTIVE
SIMT250903-20250903-0021,SIMT250903,576100898c26d65b2827cbbc401a277151a9acf9+uncommitted-corpus-build,ACTIVE
SIMT250903-20250903-0023,SIMT250903,576100898c26d65b2827cbbc401a277151a9acf9+uncommitted-corpus-build,ACTIVE
SIMT250903-20250903-0024,SIMT250903,576100898c26d65b2827cbbc401a277151a9acf9+uncommitted-corpus-build,ACTIVE
SIMT250903-20250903-0025,SIMT250903,576100898c26d65b2827cbbc401a277151a9acf9+uncommitted-corpus-build,ACTIVE
SIMT250903-20250903-0027,SIMT250903,576100898c26d65b2827cbbc401a277151a9acf9+uncommitted-corpus-build,ACTIVE
SIMT250903-20250903-0029,SIMT250903,576100898c26d65b2827cbbc401a277151a9acf9+uncommitted-corpus-build,ACTIVE
TREMAIL17-20171004-0001,TREMAIL17,576100898c26d65b2827cbbc401a277151a9acf9+uncommitted-corpus-build,ACTIVE
TREMAIL17-20171004-0003,TREMAIL17,576100898c26d65b2827cbbc401a277151a9acf9+uncommitted-corpus-build,ACTIVE
TREMAIL17-20171004-0005,TREMAIL17,576100898c26d65b2827cbbc401a277151a9acf9+uncommitted-corpus-build,ACTIVE
TREMAIL17-20171004-0007,TREMAIL17,576100898c26d65b2827cbbc401a277151a9acf9+uncommitted-corpus-build,ACTIVE
TREMAIL17-20171004-0009,TREMAIL17,576100898c26d65b2827cbbc401a277151a9acf9+uncommitted-corpus-build,ACTIVE
TREMAIL17-20171004-0010,TREMAIL17,576100898c26d65b2827cbbc401a277151a9acf9+uncommitted-corpus-build,ACTIVE
TREMAIL17-20171004-0011,TREMAIL17,576100898c26d65b2827cbbc401a277151a9acf9+uncommitted-corpus-build,ACTIVE
TREMAIL17-20171004-0012,TREMAIL17,576100898c26d65b2827cbbc401a277151a9acf9+uncommitted-corpus-build,ACTIVE
TREMAIL17-20171004-0014,TREMAIL17,576100898c26d65b2827cbbc401a277151a9acf9+uncommitted-corpus-build,ACTIVE
TREMAIL17-20171004-0016,TREMAIL17,576100898c26d65b2827cbbc401a277151a9acf9+uncommitted-corpus-build,ACTIVE
TREMAIL17-20171004-0018,TREMAIL17,576100898c26d65b2827cbbc401a277151a9acf9+uncommitted-corpus-build,ACTIVE
TREMAIL17-20171004-0020,TREMAIL17,576100898c26d65b2827cbbc401a277151a9acf9+uncommitted-corpus-build,ACTIVE
TREMAIL17-20171004-0022,TREMAIL17,576100898c26d65b2827cbbc401a277151a9acf9+uncommitted-corpus-build,ACTIVE
TREMAIL17-20171004-0024,TREMAIL17,576100898c26d65b2827cbbc401a277151a9acf9+uncommitted-corpus-build,ACTIVE
TREMAIL17-20171004-0025,TREMAIL17,576100898c26d65b2827cbbc401a277151a9acf9+uncommitted-corpus-build,ACTIVE
TREMAIL17-20171004-0026,TREMAIL17,576100898c26d65b2827cbbc401a277151a9acf9+uncommitted-corpus-build,ACTIVE
TREMAIL17-20171004-0027,TREMAIL17,576100898c26d65b2827cbbc401a277151a9acf9+uncommitted-corpus-build,ACTIVE
TREMAIL17-20171004-0028,TREMAIL17,576100898c26d65b2827cbbc401a277151a9acf9+uncommitted-corpus-build,ACTIVE
TREMAIL17-20171004-0029,TREMAIL17,576100898c26d65b2827cbbc401a277151a9acf9+uncommitted-corpus-build,ACTIVE
TREMAIL17-20171004-0030,TREMAIL17,576100898c26d65b2827cbbc401a277151a9acf9+uncommitted-corpus-build,ACTIVE
TREMAIL17-20171004-0031,TREMAIL17,576100898c26d65b2827cbbc401a277151a9acf9+uncommitted-corpus-build,ACTIVE
TREMAIL17-20171004-0033,TREMAIL17,576100898c26d65b2827cbbc401a277151a9acf9+uncommitted-corpus-build,ACTIVE
TREMAIL17-20171004-0035,TREMAIL17,576100898c26d65b2827cbbc401a277151a9acf9+uncommitted-corpus-build,ACTIVE
TREMAIL17-20171004-0037,TREMAIL17,576100898c26d65b2827cbbc401a277151a9acf9+uncommitted-corpus-build,ACTIVE
TREMAIL17-20171004-0039,TREMAIL17,576100898c26d65b2827cbbc401a277151a9acf9+uncommitted-corpus-build,ACTIVE
TREMAIL17-20171004-0041,TREMAIL17,576100898c26d65b2827cbbc401a277151a9acf9+uncommitted-corpus-build,ACTIVE
TREMAIL17-20171004-0043,TREMAIL17,576100898c26d65b2827cbbc401a277151a9acf9+uncommitted-corpus-build,ACTIVE
TREMAIL17-20171004-0044,TREMAIL17,576100898c26d65b2827cbbc401a277151a9acf9+uncommitted-corpus-build,ACTIVE
TREMAIL17-20171004-0045,TREMAIL17,576100898c26d65b2827cbbc401a277151a9acf9+uncommitted-corpus-build,ACTIVE
TREMAIL17-20171004-0046,TREMAIL17,576100898c26d65b2827cbbc401a277151a9acf9+uncommitted-corpus-build,ACTIVE
TREMAIL17-20171004-0048,TREMAIL17,576100898c26d65b2827cbbc401a277151a9acf9+uncommitted-corpus-build,ACTIVE
TREMAIL17-20171004-0050,TREMAIL17,576100898c26d65b2827cbbc401a277151a9acf9+uncommitted-corpus-build,ACTIVE
TREMAIL17-20171004-0052,TREMAIL17,576100898c26d65b2827cbbc401a277151a9acf9+uncommitted-corpus-build,ACTIVE
TREMAIL17-20171004-0054,TREMAIL17,576100898c26d65b2827cbbc401a277151a9acf9+uncommitted-corpus-build,ACTIVE
TREMAIL17-20171004-0056,TREMAIL17,576100898c26d65b2827cbbc401a277151a9acf9+uncommitted-corpus-build,ACTIVE
TREMAIL17-20171004-0058,TREMAIL17,576100898c26d65b2827cbbc401a277151a9acf9+uncommitted-corpus-build,ACTIVE
TREMAIL17-20171004-0060,TREMAIL17,576100898c26d65b2827cbbc401a277151a9acf9+uncommitted-corpus-build,ACTIVE
TREMAIL17-20171004-0062,TREMAIL17,576100898c26d65b2827cbbc401a277151a9acf9+uncommitted-corpus-build,ACTIVE
TREMAIL17-20171004-0064,TREMAIL17,576100898c26d65b2827cbbc401a277151a9acf9+uncommitted-corpus-build,ACTIVE
TREMAIL17-20171004-0066,TREMAIL17,576100898c26d65b2827cbbc401a277151a9acf9+uncommitted-corpus-build,ACTIVE
TREMAIL17-20171004-0068,TREMAIL17,576100898c26d65b2827cbbc401a277151a9acf9+uncommitted-corpus-build,ACTIVE
TREMAIL17-20171004-0070,TREMAIL17,576100898c26d65b2827cbbc401a277151a9acf9+uncommitted-corpus-build,ACTIVE
TREMAIL17-20171004-0072,TREMAIL17,576100898c26d65b2827cbbc401a277151a9acf9+uncommitted-corpus-build,ACTIVE
TREMAIL17-20171004-0074,TREMAIL17,576100898c26d65b2827cbbc401a277151a9acf9+uncommitted-corpus-build,ACTIVE
TREMAIL17-20171004-0076,TREMAIL17,576100898c26d65b2827cbbc401a277151a9acf9+uncommitted-corpus-build,ACTIVE
TREMAIL17-20171004-0078,TREMAIL17,576100898c26d65b2827cbbc401a277151a9acf9+uncommitted-corpus-build,ACTIVE
TREMAIL17-20171004-0080,TREMAIL17,576100898c26d65b2827cbbc401a277151a9acf9+uncommitted-corpus-build,ACTIVE
TREMAIL17-20171004-0082,TREMAIL17,576100898c26d65b2827cbbc401a277151a9acf9+uncommitted-corpus-build,ACTIVE
TREMAIL17-20171004-0084,TREMAIL17,576100898c26d65b2827cbbc401a277151a9acf9+uncommitted-corpus-build,ACTIVE
TREMAIL17-20171004-0086,TREMAIL17,576100898c26d65b2827cbbc401a277151a9acf9+uncommitted-corpus-build,ACTIVE
TREMAIL17-20171004-0088,TREMAIL17,576100898c26d65b2827cbbc401a277151a9acf9+uncommitted-corpus-build,ACTIVE
TREMAIL17-20171004-0090,TREMAIL17,576100898c26d65b2827cbbc401a277151a9acf9+uncommitted-corpus-build,ACTIVE
TREMAIL17-20171004-0092,TREMAIL17,576100898c26d65b2827cbbc401a277151a9acf9+uncommitted-corpus-build,ACTIVE
TREMAIL17-20171004-0094,TREMAIL17,576100898c26d65b2827cbbc401a277151a9acf9+uncommitted-corpus-build,ACTIVE
TREMAIL17-20171004-0096,TREMAIL17,576100898c26d65b2827cbbc401a277151a9acf9+uncommitted-corpus-build,ACTIVE
TREMAIL17-20171004-0098,TREMAIL17,576100898c26d65b2827cbbc401a277151a9acf9+uncommitted-corpus-build,ACTIVE
TREMAIL17-20171004-0100,TREMAIL17,576100898c26d65b2827cbbc401a277151a9acf9+uncommitted-corpus-build,ACTIVE
